timestamp,value
2022-01-25T10:24:15,6.35
2022-01-25T10:41:25,7.7
2022-01-25T10:58:38,6.25
2022-01-25T11:15:49,3.5
2022-01-25T11:33:04,6.2
2022-01-25T11:50:17,4.2
2022-01-25T12:07:30,6.8
2022-01-25T12:24:45,4.9
2022-01-25T12:41:58,4.05
2022-01-25T12:59:13,4.45
2022-01-25T13:16:28,5.15
2022-01-25T13:33:40,4.1
2022-01-25T13:50:53,6.6
2022-01-25T14:08:08,5.0
2022-01-25T14:25:20,4.1
2022-01-25T14:42:35,6.15
2022-01-25T14:59:48,5.05
2022-01-25T15:17:02,4.45
2022-01-25T15:34:15,5.7
2022-01-25T15:51:29,5.65
2022-01-25T16:08:41,4.45
2022-01-25T16:25:54,6.55
2022-01-25T16:43:08,3.9
2022-01-25T17:00:21,6.65
2022-01-25T17:17:33,6.4
2022-01-25T17:34:47,5.1
2022-01-25T17:51:59,4.8
2022-01-25T18:09:13,5.85
2022-01-25T18:26:25,4.55
2022-01-25T18:43:37,6.75
2022-01-25T19:00:50,5.1
2022-01-25T19:18:01,4.95
2022-01-25T19:35:13,4.2
2022-01-25T19:52:29,6.15
2022-01-25T20:09:41,4.75
2022-01-25T20:26:53,6.2
2022-01-25T20:44:09,5.4
2022-01-25T21:01:20,4.55
2022-01-25T21:18:33,6.25
2022-01-25T21:35:46,5.55
2022-01-25T21:53:00,4.55
2022-01-25T22:10:12,6.5
2022-01-25T22:27:26,5.25
2022-01-25T22:44:39,4.45
2022-01-25T23:01:53,6.05
2022-01-25T23:19:05,4.75
2022-01-25T23:36:18,6.65
2022-01-25T23:53:29,5.8
2022-01-26T00:10:44,5.35
2022-01-26T00:27:56,4.65
2022-01-26T00:45:10,6.35
2022-01-26T01:02:22,4.9
2022-01-26T01:19:34,6.5
2022-01-26T01:36:48,5.35
2022-01-26T01:53:59,4.95
2022-01-26T02:11:12,4.35
2022-01-26T02:28:25,6.3
2022-01-26T02:45:39,4.9
2022-01-26T03:02:50,6.4
2022-01-26T03:20:04,5.45
2022-01-26T03:37:16,4.7
2022-01-26T03:54:29,6.4
2022-01-26T04:11:40,6.35
2022-01-26T04:28:54,4.75
2022-01-26T04:46:05,5.4
2022-01-26T05:03:20,5.65
2022-01-26T05:20:31,4.7
2022-01-26T05:37:44,6.6
2022-01-26T05:54:57,5.1
2022-01-26T06:12:08,6.15
2022-01-26T06:29:20,5.05
2022-01-26T06:46:34,5.7
2022-01-26T07:03:45,4.65
2022-01-26T07:20:58,6.3
2022-01-26T07:38:10,4.85
2022-01-26T07:55:21,6.8
2022-01-26T08:12:34,5.45
2022-01-26T08:29:44,7.25
2022-01-26T08:46:53,4.5
2022-01-26T09:04:05,6.3
2022-01-26T09:21:17,4.85
2022-01-26T09:38:29,5.3
2022-01-26T09:55:41,6.05
2022-01-26T10:12:54,4.7
2022-01-26T10:30:05,6.8
2022-01-26T10:47:18,5.65
2022-01-26T11:04:32,5.0
2022-01-26T11:21:42,6.0
2022-01-26T11:38:56,5.7
2022-01-26T11:56:07,4.65
2022-01-26T12:13:19,6.85
2022-01-26T12:30:31,5.2
2022-01-26T12:47:43,4.45
2022-01-26T13:04:57,4.2
2022-01-26T13:22:11,6.0
2022-01-26T13:39:24,4.65
2022-01-26T13:56:38,6.75
2022-01-26T14:13:51,5.2
2022-01-26T14:31:02,4.45
2022-01-26T14:48:15,6.15
2022-01-26T15:05:28,5.05
2022-01-26T15:22:42,4.5
2022-01-26T15:39:55,6.85
2022-01-26T15:57:09,5.25
2022-01-26T16:14:22,3.45
2022-01-26T16:31:38,5.65
2022-01-26T16:48:51,3.55
2022-01-26T17:06:06,6.1
2022-01-26T17:23:14,7.5
2022-01-26T17:40:29,4.0
2022-01-26T17:57:42,6.35
2022-01-26T18:14:58,4.85
2022-01-26T18:32:10,4.85
2022-01-26T18:49:26,5.4
2022-01-26T19:06:38,4.2
2022-01-26T19:23:54,5.8
2022-01-26T19:41:04,4.2
2022-01-26T19:58:19,5.4
2022-01-26T20:15:32,3.8
2022-01-26T20:32:46,6.15
2022-01-26T20:49:59,3.95
2022-01-26T21:07:13,6.5
2022-01-26T21:24:28,4.55
2022-01-26T21:41:39,7.25
2022-01-26T21:58:51,4.0
2022-01-26T22:16:05,6.35
2022-01-26T22:33:19,4.5
2022-01-26T22:50:31,6.35
2022-01-26T23:07:46,5.0
2022-01-26T23:24:58,4.7
2022-01-26T23:42:13,5.55
2022-01-26T23:59:23,6.4
2022-01-27T00:16:39,4.8
2022-01-27T00:33:52,4.45
2022-01-27T00:51:07,5.6
2022-01-27T01:08:20,4.1
2022-01-27T01:25:33,6.4
2022-01-27T01:42:46,4.15
2022-01-27T01:59:58,6.95
2022-01-27T02:17:08,4.0
2022-01-27T02:34:25,5.85
2022-01-27T02:51:38,4.15
2022-01-27T03:08:52,6.3
2022-01-27T03:26:07,4.65
2022-01-27T03:43:20,3.85
2022-01-27T04:00:35,5.75
2022-01-27T04:17:45,7.15
2022-01-27T04:34:59,4.25
2022-01-27T04:52:12,6.15
2022-01-27T05:09:28,5.0
2022-01-27T05:26:40,4.4
2022-01-27T05:43:54,5.55
2022-01-27T06:01:07,4.0
2022-01-27T06:18:21,6.15
2022-01-27T06:35:29,5.8
2022-01-27T06:52:45,5.0
2022-01-27T07:09:56,4.15
2022-01-27T07:27:11,5.65
2022-01-27T07:44:23,4.05
2022-01-27T08:01:37,6.15
2022-01-27T08:18:50,4.1
2022-01-27T08:36:03,6.8
2022-01-27T08:53:15,3.95
2022-01-27T09:10:30,6.0
2022-01-27T09:27:43,4.0
2022-01-27T09:44:55,7.0
2022-01-27T10:02:08,5.05
2022-01-27T10:19:20,4.45
2022-01-27T10:36:33,6.65
2022-01-27T10:53:43,7.1
2022-01-27T11:10:57,4.7
2022-01-27T11:28:09,4.8
2022-01-27T11:45:24,5.7
2022-01-27T12:02:36,4.2
2022-01-27T12:19:49,6.9
2022-01-27T12:37:03,4.8
2022-01-27T12:54:14,5.05
2022-01-27T13:11:26,4.1
2022-01-27T13:28:40,6.2
2022-01-27T13:45:53,4.4
2022-01-27T14:03:04,6.55
2022-01-27T14:20:18,5.4
2022-01-27T14:37:30,4.5
2022-01-27T14:54:42,6.65
2022-01-27T15:11:55,5.25
2022-01-27T15:29:09,4.7
2022-01-27T15:46:20,5.9
2022-01-27T16:03:33,5.7
2022-01-27T16:20:45,4.65
2022-01-27T16:37:57,6.65
2022-01-27T16:55:10,5.05
2022-01-27T17:12:20,5.65
2022-01-27T17:29:32,6.7
2022-01-27T17:46:45,5.8
2022-01-27T18:03:56,4.3
2022-01-27T18:21:07,6.85
2022-01-27T18:38:20,5.35
2022-01-27T18:55:31,4.4
2022-01-27T19:12:44,6.55
2022-01-27T19:29:57,5.1
2022-01-27T19:47:08,4.35
2022-01-27T20:04:21,6.7
2022-01-27T20:21:34,4.95
2022-01-27T20:38:45,4.6
2022-01-27T20:55:58,6.2
2022-01-27T21:13:11,5.05
2022-01-27T21:30:22,5.45
2022-01-27T21:47:35,6.9
2022-01-27T22:04:49,4.9
2022-01-27T22:22:01,4.9
2022-01-27T22:39:15,6.25
2022-01-27T22:56:27,5.0
2022-01-27T23:13:38,5.95
2022-01-27T23:30:51,5.85
2022-01-27T23:48:01,4.75
2022-01-28T00:05:12,5.5
2022-01-28T00:22:26,5.85
2022-01-28T00:39:37,4.5
2022-01-28T00:56:49,7.05
2022-01-28T01:14:02,5.45
2022-01-28T01:31:14,4.45
2022-01-28T01:48:27,6.65
2022-01-28T02:05:40,5.6
2022-01-28T02:22:52,4.5
2022-01-28T02:40:04,6.65
2022-01-28T02:57:17,5.5
2022-01-28T03:14:29,4.55
2022-01-28T03:31:41,6.65
2022-01-28T03:48:53,5.05
2022-01-28T04:06:03,5.65
2022-01-28T04:23:16,7.05
2022-01-28T04:40:29,5.05
2022-01-28T04:57:40,4.45
2022-01-28T05:14:54,6.3
2022-01-28T05:32:06,4.8
2022-01-28T05:49:17,6.75
2022-01-28T06:06:31,5.35
2022-01-28T06:23:41,4.55
2022-01-28T06:40:54,4.3
2022-01-28T06:58:08,6.0
2022-01-28T07:15:19,4.4
2022-01-28T07:32:31,7.0
2022-01-28T07:49:44,5.15
2022-01-28T08:06:54,4.6
2022-01-28T08:24:08,6.0
2022-01-28T08:41:21,4.8
2022-01-28T08:58:34,4.35
2022-01-28T09:15:46,5.85
2022-01-28T09:33:00,5.6
2022-01-28T09:50:11,4.55
2022-01-28T10:07:23,6.6
2022-01-28T10:24:35,4.85
2022-01-28T10:41:45,6.65
2022-01-28T10:58:57,6.9
2022-01-28T11:16:11,5.15
2022-01-28T11:33:21,4.35
2022-01-28T11:50:34,6.55
2022-01-28T12:07:46,4.65
2022-01-28T12:24:56,6.3
2022-01-28T12:42:10,5.85
2022-01-28T12:59:20,4.45
2022-01-28T13:16:32,4.2
2022-01-28T13:33:45,6.35
2022-01-28T13:50:57,4.6
2022-01-28T14:08:07,7.0
2022-01-28T14:25:20,5.5
2022-01-28T14:42:30,4.6
2022-01-28T14:59:43,6.45
2022-01-28T15:16:56,5.35
2022-01-28T15:34:10,4.45
2022-01-28T15:51:21,6.75
2022-01-28T16:08:33,5.65
2022-01-28T16:25:44,4.45
2022-01-28T16:42:57,6.6
2022-01-28T17:00:08,4.1
2022-01-28T17:17:25,5.75
2022-01-28T17:34:30,8.4
2022-01-28T17:51:44,4.55
2022-01-28T18:08:54,6.45
2022-01-28T18:26:08,5.25
2022-01-28T18:43:17,6.7
2022-01-28T19:00:30,5.85
2022-01-28T19:17:39,4.15
2022-01-28T19:34:53,6.3
2022-01-28T19:52:02,4.35
2022-01-28T20:09:19,4.55
2022-01-28T20:26:29,6.15
2022-01-28T20:43:44,5.3
2022-01-28T21:00:54,4.65
2022-01-28T21:18:08,5.75
2022-01-28T21:35:18,4.2
2022-01-28T21:52:31,6.7
2022-01-28T22:09:43,4.4
2022-01-28T22:26:54,6.3
2022-01-28T22:44:08,5.4
2022-01-28T23:01:19,4.25
2022-01-28T23:18:31,6.2
2022-01-28T23:35:42,4.5
2022-01-28T23:52:53,7.0
2022-01-29T00:10:02,5.9
2022-01-29T00:27:16,5.4
2022-01-29T00:44:27,4.3
2022-01-29T01:01:39,6.3
2022-01-29T01:18:51,4.5
2022-01-29T01:36:02,6.75
2022-01-29T01:53:14,5.05
2022-01-29T02:10:24,7.05
2022-01-29T02:27:32,4.2
2022-01-29T02:44:45,6.15
2022-01-29T03:01:58,4.7
2022-01-29T03:19:08,6.6
2022-01-29T03:36:22,5.45
2022-01-29T03:53:32,4.55
2022-01-29T04:10:45,6.1
2022-01-29T04:27:56,6.55
2022-01-29T04:45:09,4.7
2022-01-29T05:02:20,5.7
2022-01-29T05:19:33,5.75
2022-01-29T05:36:45,4.45
2022-01-29T05:53:57,6.75
2022-01-29T06:11:09,5.05
2022-01-29T06:28:19,5.3
2022-01-29T06:45:33,4.35
2022-01-29T07:02:47,5.8
2022-01-29T07:19:58,4.55
2022-01-29T07:37:10,6.55
2022-01-29T07:54:22,5.05
2022-01-29T08:11:31,5.6
2022-01-29T08:28:45,5.7
2022-01-29T08:45:55,4.9
2022-01-29T09:03:07,4.25
2022-01-29T09:20:19,6.7
2022-01-29T09:37:33,5.3
2022-01-29T09:54:45,4.35
2022-01-29T10:11:58,6.45
2022-01-29T10:29:10,5.1
2022-01-29T10:46:20,4.8
2022-01-29T11:03:32,6.65
2022-01-29T11:20:45,5.25
2022-01-29T11:37:55,4.65
2022-01-29T11:55:07,6.5
2022-01-29T12:12:20,5.1
2022-01-29T12:29:30,5.1
2022-01-29T12:46:42,6.2
2022-01-29T13:03:53,5.0
2022-01-29T13:21:03,4.85
2022-01-29T13:38:15,6.15
2022-01-29T13:55:25,5.0
2022-01-29T14:12:36,5.45
2022-01-29T14:29:48,6.25
2022-01-29T14:46:59,4.95
2022-01-29T15:04:09,6.4
2022-01-29T15:21:21,6.3
2022-01-29T15:38:32,4.55
2022-01-29T15:55:43,6.75
2022-01-29T16:12:55,5.35
2022-01-29T16:30:05,5.0
2022-01-29T16:47:17,6.45
2022-01-29T17:04:24,5.3
2022-01-29T17:21:40,3.1
2022-01-29T17:38:55,6.7
2022-01-29T17:56:07,3.2
2022-01-29T18:13:22,6.35
2022-01-29T18:30:30,4.75
2022-01-29T18:47:46,4.8
2022-01-29T19:04:55,6.95
2022-01-29T19:22:09,4.1
2022-01-29T19:39:19,7.75
2022-01-29T19:56:22,7.2
2022-01-29T20:13:36,4.1
2022-01-29T20:30:47,7.25
2022-01-29T20:48:00,4.0
2022-01-29T21:05:11,6.6
2022-01-29T21:22:25,4.45
2022-01-29T21:39:35,6.0
2022-01-29T21:56:49,5.95
2022-01-29T22:14:01,3.85
2022-01-29T22:31:14,6.8
2022-01-29T22:48:26,4.45
2022-01-29T23:05:37,6.6
2022-01-29T23:22:50,4.85
2022-01-29T23:40:00,5.6
2022-01-29T23:57:14,5.7
2022-01-30T00:14:21,7.65
2022-01-30T00:31:34,4.75
2022-01-30T00:48:44,5.05
2022-01-30T01:05:59,5.8
2022-01-30T01:23:09,4.3
2022-01-30T01:40:22,6.6
2022-01-30T01:57:35,4.55
2022-01-30T02:14:46,7.35
2022-01-30T02:31:52,5.0
2022-01-30T02:49:06,5.7
2022-01-30T03:06:18,4.05
2022-01-30T03:23:30,6.8
2022-01-30T03:40:42,4.75
2022-01-30T03:57:53,5.6
2022-01-30T04:15:07,5.7
2022-01-30T04:32:14,7.95
2022-01-30T04:49:24,4.2
2022-01-30T05:06:36,6.85
2022-01-30T05:23:49,5.0
2022-01-30T05:40:59,4.25
2022-01-30T05:58:12,6.4
2022-01-30T06:15:23,4.55
2022-01-30T06:32:34,7.1
2022-01-30T06:49:42,6.2
2022-01-30T07:06:56,5.4
2022-01-30T07:24:06,4.3
2022-01-30T07:41:19,6.35
2022-01-30T07:58:30,4.45
2022-01-30T08:15:41,6.2
2022-01-30T08:32:54,5.4
2022-01-30T08:50:05,4.2
2022-01-30T09:07:19,3.95
2022-01-30T09:24:31,6.65
2022-01-30T09:41:43,4.7
2022-01-30T09:58:52,6.3
2022-01-30T10:16:06,5.25
2022-01-30T10:33:16,4.3
2022-01-30T10:50:29,6.05
2022-01-30T11:07:36,7.85
2022-01-30T11:24:48,4.6
2022-01-30T11:41:58,6.3
2022-01-30T11:59:11,5.35
2022-01-30T12:16:21,4.6
2022-01-30T12:33:34,5.9
2022-01-30T12:50:44,4.45
2022-01-30T13:07:56,6.45
2022-01-30T13:25:02,6.6
2022-01-30T13:42:15,5.05
2022-01-30T13:59:26,4.35
2022-01-30T14:16:39,6.05
2022-01-30T14:33:50,4.55
2022-01-30T14:51:02,6.8
2022-01-30T15:08:14,5.0
2022-01-30T15:25:24,7.4
2022-01-30T15:42:32,4.25
2022-01-30T15:59:45,6.25
2022-01-30T16:16:57,4.7
2022-01-30T16:34:08,6.65
2022-01-30T16:51:21,5.15
2022-01-30T17:08:31,4.65
2022-01-30T17:25:43,5.95
2022-01-30T17:42:52,7.15
2022-01-30T18:00:04,4.6
2022-01-30T18:17:15,6.2
2022-01-30T18:34:28,5.35
2022-01-30T18:51:38,4.4
2022-01-30T19:08:51,6.15
2022-01-30T19:26:02,4.45
2022-01-30T19:43:13,6.7
2022-01-30T20:00:19,6.0
2022-01-30T20:17:32,5.45
2022-01-30T20:34:42,4.25
2022-01-30T20:51:55,6.15
2022-01-30T21:09:07,4.35
2022-01-30T21:26:19,6.8
2022-01-30T21:43:32,5.0
2022-01-30T22:00:41,7.7
2022-01-30T22:17:50,4.15
2022-01-30T22:35:02,6.45
2022-01-30T22:52:14,4.5
2022-01-30T23:09:25,6.65
2022-01-30T23:26:39,5.15
2022-01-30T23:43:49,4.35
2022-01-31T00:01:01,6.1
2022-01-31T00:18:09,7.35
2022-01-31T00:35:21,4.65
2022-01-31T00:52:32,5.85
2022-01-31T01:09:45,5.6
2022-01-31T01:26:57,4.45
2022-01-31T01:44:09,6.3
2022-01-31T02:01:21,4.65
2022-01-31T02:18:33,6.6
2022-01-31T02:35:42,4.9
2022-01-31T02:52:57,5.8
2022-01-31T03:10:09,4.45
2022-01-31T03:27:21,6.6
2022-01-31T03:44:33,4.6
2022-01-31T04:01:44,6.95
2022-01-31T04:18:57,4.9
2022-01-31T04:36:06,7.9
2022-01-31T04:53:16,4.15
2022-01-31T05:10:28,6.6
2022-01-31T05:27:41,4.8
2022-01-31T05:44:53,5.15
2022-01-31T06:02:06,5.8
2022-01-31T06:19:17,4.2
2022-01-31T06:36:30,6.55
2022-01-31T06:53:39,6.3
2022-01-31T07:10:53,4.85
2022-01-31T07:28:04,5.0
2022-01-31T07:45:18,5.7
2022-01-31T08:02:28,4.25
2022-01-31T08:19:40,6.35
2022-01-31T08:36:52,4.65
2022-01-31T08:54:03,7.25
2022-01-31T09:11:09,4.75
2022-01-31T09:28:23,5.75
2022-01-31T09:45:34,4.3
2022-01-31T10:02:46,6.4
2022-01-31T10:19:58,4.25
2022-01-31T10:37:09,6.8
2022-01-31T10:54:22,4.6
2022-01-31T11:11:31,8.0
2022-01-31T11:28:40,4.7
2022-01-31T11:45:51,6.85
2022-01-31T12:03:03,5.6
2022-01-31T12:20:13,5.1
2022-01-31T12:37:25,6.55
2022-01-31T12:54:36,5.25
2022-01-31T13:11:45,5.5
2022-01-31T13:28:57,5.6
2022-01-31T13:46:09,5.55
2022-01-31T14:03:18,5.0
2022-01-31T14:20:29,6.85
2022-01-31T14:37:40,5.25
2022-01-31T14:54:50,5.25
2022-01-31T15:12:02,6.4
2022-01-31T15:29:12,4.6
2022-01-31T15:46:24,4.4
2022-01-31T16:03:36,6.75
2022-01-31T16:20:49,5.1
2022-01-31T16:37:58,5.65
2022-01-31T16:55:10,6.1
2022-01-31T17:12:20,4.95
2022-01-31T17:29:31,6.75
2022-01-31T17:46:42,6.3
2022-01-31T18:03:54,4.85
2022-01-31T18:21:03,6.2
2022-01-31T18:38:15,6.0
2022-01-31T18:55:25,4.95
2022-01-31T19:12:35,7.05
2022-01-31T19:29:46,5.4
2022-01-31T19:46:54,6.05
2022-01-31T20:04:06,5.05
2022-01-31T20:21:19,5.85
2022-01-31T20:38:29,4.9
2022-01-31T20:55:40,6.95
2022-01-31T21:12:51,5.45
2022-01-31T21:29:59,5.4
2022-01-31T21:47:10,6.4
2022-01-31T22:04:20,4.85
2022-01-31T22:21:31,4.4
2022-01-31T22:38:42,6.7
2022-01-31T22:55:54,5.55
2022-01-31T23:13:03,4.95
2022-01-31T23:30:15,6.65
2022-01-31T23:47:26,5.3
2022-02-01T00:04:34,6.15
2022-02-01T00:21:45,6.7
2022-02-01T00:38:57,5.3
2022-02-01T00:56:07,5.7
2022-02-01T01:13:18,6.1
2022-02-01T01:30:28,4.9
2022-02-01T01:47:38,6.85
2022-02-01T02:04:50,5.75
2022-02-01T02:21:59,4.85
2022-02-01T02:39:10,4.9
2022-02-01T02:56:22,6.15
2022-02-01T03:13:32,4.8
2022-02-01T03:30:42,6.85
2022-02-01T03:47:54,5.8
2022-02-01T04:05:03,4.8
2022-02-01T04:22:14,6.8
2022-02-01T04:39:25,5.35
2022-02-01T04:56:37,4.45
2022-02-01T05:13:48,7.05
2022-02-01T05:31:00,5.45
2022-02-01T05:48:09,4.85
2022-02-01T06:05:20,6.7
2022-02-01T06:22:30,5.15
2022-02-01T06:39:39,6.3
2022-02-01T06:56:51,6.45
2022-02-01T07:14:03,5.0
2022-02-01T07:31:13,5.35
2022-02-01T07:48:25,6.25
2022-02-01T08:05:34,4.85
2022-02-01T08:22:44,7.1
2022-02-01T08:39:56,5.5
2022-02-01T08:57:05,4.75
2022-02-01T09:14:16,4.5
2022-02-01T09:31:28,6.1
2022-02-01T09:48:39,4.95
2022-02-01T10:05:48,7.1
2022-02-01T10:22:59,5.45
2022-02-01T10:40:07,5.0
2022-02-01T10:57:18,6.5
2022-02-01T11:14:30,4.8
2022-02-01T11:31:42,4.6
2022-02-01T11:48:52,6.9
2022-02-01T12:06:05,5.6
2022-02-01T12:23:14,5.1
2022-02-01T12:40:24,7.1
2022-02-01T12:57:35,4.75
2022-02-01T13:14:44,6.65
2022-02-01T13:31:55,5.95
2022-02-01T13:49:07,5.0
2022-02-01T14:06:16,4.45
2022-02-01T14:23:28,5.95
2022-02-01T14:40:38,4.4
2022-02-01T14:57:49,6.75
2022-02-01T15:14:59,4.75
2022-02-01T15:32:09,6.6
2022-02-01T15:49:15,5.15
2022-02-01T16:06:28,5.55
2022-02-01T16:23:38,4.45
2022-02-01T16:40:49,6.4
2022-02-01T16:58:00,4.45
2022-02-01T17:15:10,6.85
2022-02-01T17:32:21,5.25
2022-02-01T17:49:29,7.9
2022-02-01T18:06:35,4.3
2022-02-01T18:23:46,6.4
2022-02-01T18:40:57,4.5
2022-02-01T18:58:07,6.4
2022-02-01T19:15:19,5.25
2022-02-01T19:32:29,4.55
2022-02-01T19:49:41,6.25
2022-02-01T20:06:46,8.2
2022-02-01T20:23:57,4.65
2022-02-01T20:41:07,5.6
2022-02-01T20:58:20,5.45
2022-02-01T21:15:29,4.35
2022-02-01T21:32:41,6.4
2022-02-01T21:49:52,4.5
2022-02-01T22:07:02,7.1
2022-02-01T22:24:06,5.7
2022-02-01T22:41:19,5.6
2022-02-01T22:58:29,4.55
2022-02-01T23:15:40,6.5
2022-02-01T23:32:51,4.65
2022-02-01T23:50:00,6.45
2022-02-02T00:07:12,5.35
2022-02-02T00:24:19,7.85
2022-02-02T00:41:27,4.5
2022-02-02T00:58:37,6.8
2022-02-02T01:15:48,4.9
2022-02-02T01:32:57,5.5
2022-02-02T01:50:08,5.7
2022-02-02T02:07:17,4.6
2022-02-02T02:24:29,6.3
2022-02-02T02:41:36,7.7
2022-02-02T02:58:47,4.85
2022-02-02T03:15:56,5.0
2022-02-02T03:33:09,5.85
2022-02-02T03:50:19,4.5
2022-02-02T04:07:30,6.6
2022-02-02T04:24:41,4.65
2022-02-02T04:41:50,7.25
2022-02-02T04:58:55,5.15
2022-02-02T05:16:07,5.9
2022-02-02T05:33:18,4.5
2022-02-02T05:50:29,6.7
2022-02-02T06:07:41,4.95
2022-02-02T06:24:51,6.15
2022-02-02T06:42:03,5.65
2022-02-02T06:59:11,7.7
2022-02-02T07:16:22,4.45
2022-02-02T07:33:34,6.85
2022-02-02T07:50:45,4.8
2022-02-02T08:07:55,5.8
2022-02-02T08:25:07,5.6
2022-02-02T08:42:17,4.45
2022-02-02T08:59:29,6.4
2022-02-02T09:16:33,7.8
2022-02-02T09:33:44,5.55
2022-02-02T09:50:53,4.65
2022-02-02T10:08:05,6.1
2022-02-02T10:25:16,4.7
2022-02-02T10:42:26,5.05
2022-02-02T10:59:38,5.8
2022-02-02T11:16:49,3.95
2022-02-02T11:34:02,3.95
2022-02-02T11:51:13,6.7
2022-02-02T12:08:26,4.8
2022-02-02T12:25:36,4.7
2022-02-02T12:42:49,5.65
2022-02-02T13:00:01,3.65
2022-02-02T13:17:16,5.8
2022-02-02T13:34:24,6.6
2022-02-02T13:51:35,4.35
2022-02-02T14:08:45,5.6
2022-02-02T14:25:58,5.3
2022-02-02T14:43:08,4.4
2022-02-02T15:00:20,6.45
2022-02-02T15:17:32,5.0
2022-02-02T15:34:41,4.8
2022-02-02T15:51:54,4.2
2022-02-02T16:09:08,5.4
2022-02-02T16:26:19,4.35
2022-02-02T16:43:29,6.6
2022-02-02T17:00:41,4.9
2022-02-02T17:17:52,4.35
2022-02-02T17:35:04,6.15
2022-02-02T17:52:15,4.25
2022-02-02T18:09:28,4.15
2022-02-02T18:26:40,6.45
2022-02-02T18:43:52,4.8
2022-02-02T19:01:03,4.15
2022-02-02T19:18:15,5.9
2022-02-02T19:35:26,4.55
2022-02-02T19:52:36,5.65
2022-02-02T20:09:50,5.7
2022-02-02T20:27:03,4.75
2022-02-02T20:44:14,4.55
2022-02-02T21:01:27,5.8
2022-02-02T21:18:38,4.4
2022-02-02T21:35:49,6.1
2022-02-02T21:53:01,5.4
2022-02-02T22:10:10,4.4
2022-02-02T22:27:23,4.05
2022-02-02T22:44:36,5.55
2022-02-02T23:01:46,4.45
2022-02-02T23:18:57,6.6
2022-02-02T23:36:11,4.95
2022-02-02T23:53:22,4.3
2022-02-03T00:10:33,5.75
2022-02-03T00:27:45,4.45
2022-02-03T00:44:58,4.2
2022-02-03T01:02:08,6.55
2022-02-03T01:19:21,5.15
2022-02-03T01:36:30,4.55
2022-02-03T01:53:43,5.85
2022-02-03T02:10:53,4.4
2022-02-03T02:28:03,6.6
2022-02-03T02:45:15,5.15
2022-02-03T03:02:28,4.85
2022-02-03T03:19:38,4.4
2022-02-03T03:36:50,6.1
2022-02-03T03:54:01,4.55
2022-02-03T04:11:11,5.8
2022-02-03T04:28:23,5.55
2022-02-03T04:45:34,4.5
2022-02-03T05:02:46,4.15
2022-02-03T05:19:58,5.8
2022-02-03T05:37:08,4.45
2022-02-03T05:54:18,5.15
2022-02-03T06:11:31,5.7
2022-02-03T06:28:41,4.5
2022-02-03T06:45:53,6.35
2022-02-03T07:03:05,4.9
2022-02-03T07:20:17,4.2
2022-02-03T07:37:29,6.5
2022-02-03T07:54:44,4.95
2022-02-03T08:11:54,4.2
2022-02-03T08:29:07,5.95
2022-02-03T08:46:18,4.45
2022-02-03T09:03:29,6.45
2022-02-03T09:20:41,5.3
2022-02-03T09:37:54,5.15
2022-02-03T09:55:05,4.25
2022-02-03T10:12:16,6.1
2022-02-03T10:29:28,4.85
2022-02-03T10:46:38,4.95
2022-02-03T11:03:50,5.8
2022-02-03T11:21:02,4.8
2022-02-03T11:38:10,5.15
2022-02-03T11:55:21,6.25
2022-02-03T12:12:31,5.4
2022-02-03T12:29:40,4.4
2022-02-03T12:46:51,6.6
2022-02-03T13:04:02,5.95
2022-02-03T13:21:14,3.3
2022-02-03T13:38:27,5.7
2022-02-03T13:55:40,3.55
2022-02-03T14:12:52,4.5
2022-02-03T14:30:05,5.55
2022-02-03T14:47:18,4.25
2022-02-03T15:04:27,4.95
2022-02-03T15:21:41,5.2
2022-02-03T15:38:52,3.95
2022-02-03T15:56:02,5.9
2022-02-03T16:13:15,4.65
2022-02-03T16:30:24,4.3
2022-02-03T16:47:37,5.65
2022-02-03T17:04:47,4.35
2022-02-03T17:21:58,6.45
2022-02-03T17:39:09,4.4
2022-02-03T17:56:19,6.55
2022-02-03T18:13:27,3.9
2022-02-03T18:30:40,5.95
2022-02-03T18:47:50,4.3
2022-02-03T19:05:01,6.3
2022-02-03T19:22:12,4.4
2022-02-03T19:39:22,6.4
2022-02-03T19:56:34,4.8
2022-02-03T20:13:44,6.75
2022-02-03T20:30:56,4.1
2022-02-03T20:48:08,5.45
2022-02-03T21:05:17,6.5
2022-02-03T21:22:24,7.1
2022-02-03T21:39:28,7.7
2022-02-03T21:56:32,7.8
2022-02-03T22:13:44,4.8
2022-02-03T22:30:55,4.3
2022-02-03T22:48:09,5.25
2022-02-03T23:05:17,7.0
2022-02-03T23:22:27,4.7
2022-02-03T23:39:37,6.35
2022-02-03T23:56:44,5.25
2022-02-04T00:13:56,5.35
2022-02-04T00:31:04,6.95
2022-02-04T00:48:12,4.2
2022-02-04T01:05:23,5.9
2022-02-04T01:22:33,4.3
2022-02-04T01:39:45,5.9
2022-02-04T01:56:55,4.35
2022-02-04T02:14:07,5.9
2022-02-04T02:31:18,4.55
2022-02-04T02:48:29,6.4
2022-02-04T03:05:41,4.45
2022-02-04T03:22:51,6.5
2022-02-04T03:40:04,4.9
2022-02-04T03:57:13,5.65
2022-02-04T04:14:28,5.2
2022-02-04T04:31:39,4.4
2022-02-04T04:48:51,5.3
2022-02-04T05:05:59,4.8
2022-02-04T05:23:12,5.35
2022-02-04T05:40:22,4.45
2022-02-04T05:57:34,5.45
2022-02-04T06:14:43,4.5
2022-02-04T06:31:56,5.65
2022-02-04T06:49:07,4.4
2022-02-04T07:06:18,6.25
2022-02-04T07:23:28,4.1
2022-02-04T07:40:39,6.1
2022-02-04T07:57:50,4.4
2022-02-04T08:15:01,6.5
2022-02-04T08:32:12,4.85
2022-02-04T08:49:22,6.75
2022-02-04T09:06:33,4.85
2022-02-04T09:23:42,7.15
2022-02-04T09:40:53,4.65
2022-02-04T09:58:03,6.65
2022-02-04T10:15:14,4.85
2022-02-04T10:32:23,5.1
2022-02-04T10:49:36,5.4
2022-02-04T11:06:45,4.35
2022-02-04T11:23:56,5.7
2022-02-04T11:41:04,4.75
2022-02-04T11:58:18,5.3
2022-02-04T12:15:27,4.35
2022-02-04T12:32:39,5.95
2022-02-04T12:49:48,4.2
2022-02-04T13:07:00,6.3
2022-02-04T13:24:11,4.45
2022-02-04T13:41:21,6.8
2022-02-04T13:58:30,4.15
2022-02-04T14:15:40,6.55
2022-02-04T14:32:51,4.6
2022-02-04T14:50:01,6.4
2022-02-04T15:07:14,4.65
2022-02-04T15:24:24,4.2
2022-02-04T15:41:37,5.4
2022-02-04T15:58:44,8.3
2022-02-04T16:15:57,4.6
2022-02-04T16:33:06,6.15
2022-02-04T16:50:19,5.05
2022-02-04T17:07:31,3.7
2022-02-04T17:24:43,6.5
2022-02-04T17:41:53,4.05
2022-02-04T17:59:06,6.4
2022-02-04T18:16:12,4.55
2022-02-04T18:33:26,5.4
2022-02-04T18:50:34,4.1
2022-02-04T19:07:48,5.6
2022-02-04T19:24:55,3.95
2022-02-04T19:42:08,5.9
2022-02-04T19:59:16,3.9
2022-02-04T20:16:29,6.4
2022-02-04T20:33:39,3.85
2022-02-04T20:50:51,6.55
2022-02-04T21:08:04,4.2
2022-02-04T21:25:14,7.05
2022-02-04T21:42:26,4.8
2022-02-04T21:59:35,5.75
2022-02-04T22:16:48,5.25
2022-02-04T22:33:54,7.3
2022-02-04T22:51:07,4.75
2022-02-04T23:08:15,5.9
2022-02-04T23:25:29,5.1
2022-02-04T23:42:37,4.5
2022-02-04T23:59:50,5.65
2022-02-05T00:16:58,4.05
2022-02-05T00:34:09,6.15
2022-02-05T00:51:17,4.0
2022-02-05T01:08:30,5.65
2022-02-05T01:25:39,3.9
2022-02-05T01:42:50,6.2
2022-02-05T02:00:01,4.0
2022-02-05T02:17:11,6.6
2022-02-05T02:34:22,4.5
2022-02-05T02:51:32,7.35
2022-02-05T03:08:42,3.9
2022-02-05T03:25:52,6.7
2022-02-05T03:43:04,4.4
2022-02-05T04:00:13,7.05
2022-02-05T04:17:25,4.8
2022-02-05T04:34:33,6.6
2022-02-05T04:51:45,4.9
2022-02-05T05:08:52,6.7
2022-02-05T05:26:05,4.85
2022-02-05T05:43:14,5.55
2022-02-05T06:00:27,5.05
2022-02-05T06:17:35,5.0
2022-02-05T06:34:48,5.5
2022-02-05T06:51:56,4.35
2022-02-05T07:09:09,5.85
2022-02-05T07:26:17,3.7
2022-02-05T07:43:32,5.85
2022-02-05T08:00:41,3.85
2022-02-05T08:17:52,6.1
2022-02-05T08:35:03,3.8
2022-02-05T08:52:14,6.35
2022-02-05T09:09:24,4.0
2022-02-05T09:26:32,8.45
2022-02-05T09:43:40,3.4
2022-02-05T10:00:53,6.4
2022-02-05T10:18:03,3.6
2022-02-05T10:35:14,6.5
2022-02-05T10:52:26,3.95
2022-02-05T11:09:37,6.6
2022-02-05T11:26:47,3.9
2022-02-05T11:43:56,6.45
2022-02-05T12:01:09,4.75
2022-02-05T12:18:19,4.4
2022-02-05T12:35:31,5.65
2022-02-05T12:52:40,3.65
2022-02-05T13:09:51,6.25
2022-02-05T13:27:00,3.9
2022-02-05T13:44:12,6.8
2022-02-05T14:01:17,4.0
2022-02-05T14:18:29,5.6
2022-02-05T14:35:39,3.6
2022-02-05T14:52:50,6.4
2022-02-05T15:10:00,3.8
2022-02-05T15:27:11,6.65
2022-02-05T15:44:22,4.2
2022-02-05T16:01:31,7.75
2022-02-05T16:18:41,3.9
2022-02-05T16:35:52,6.75
2022-02-05T16:53:04,4.25
2022-02-05T17:10:13,7.2
2022-02-05T17:27:25,4.45
2022-02-05T17:44:34,7.0
2022-02-05T18:01:47,5.3
2022-02-05T18:18:51,7.1
2022-02-05T18:36:05,4.5
2022-02-05T18:53:14,6.15
2022-02-05T19:10:27,4.95
2022-02-05T19:27:35,5.8
2022-02-05T19:44:48,5.1
2022-02-05T20:01:56,5.25
2022-02-05T20:19:09,5.45
2022-02-05T20:36:18,3.6
2022-02-05T20:53:32,6.0
2022-02-05T21:10:43,4.0
2022-02-05T21:27:53,6.75
2022-02-05T21:45:04,4.0
2022-02-05T22:02:14,6.9
2022-02-05T22:19:25,4.6
2022-02-05T22:36:32,8.05
2022-02-05T22:53:43,4.05
2022-02-05T23:10:53,7.15
2022-02-05T23:28:04,4.65
2022-02-05T23:45:12,6.7
2022-02-06T00:02:24,4.9
2022-02-06T00:19:32,5.75
2022-02-06T00:36:44,5.35
2022-02-06T00:53:51,5.7
2022-02-06T01:11:04,5.2
2022-02-06T01:28:11,5.55
2022-02-06T01:45:23,5.35
2022-02-06T02:02:30,6.5
2022-02-06T02:19:42,5.35
2022-02-06T02:36:49,7.4
2022-02-06T02:53:59,4.8
2022-02-06T03:11:09,4.1
2022-02-06T03:28:20,6.4
2022-02-06T03:45:29,4.3
2022-02-06T04:02:39,6.2
2022-02-06T04:19:46,4.4
2022-02-06T04:36:57,6.0
2022-02-06T04:54:04,4.4
2022-02-06T05:11:14,6.9
2022-02-06T05:28:25,4.65
2022-02-06T05:45:35,7.05
2022-02-06T06:02:47,4.85
2022-02-06T06:19:56,7.25
2022-02-06T06:37:07,4.7
2022-02-06T06:54:15,7.0
2022-02-06T07:11:26,4.95
2022-02-06T07:28:33,5.25
2022-02-06T07:45:45,5.45
2022-02-06T08:02:53,4.7
2022-02-06T08:20:05,5.7
2022-02-06T08:37:11,4.65
2022-02-06T08:54:23,5.5
2022-02-06T09:11:30,5.05
2022-02-06T09:28:41,6.95
2022-02-06T09:45:46,4.25
2022-02-06T10:02:57,5.85
2022-02-06T10:20:07,4.3
2022-02-06T10:37:16,6.55
2022-02-06T10:54:25,4.8
2022-02-06T11:11:34,5.5
2022-02-06T11:28:44,6.4
2022-02-06T11:45:52,7.6
2022-02-06T12:03:02,4.65
2022-02-06T12:20:10,7.05
2022-02-06T12:37:20,5.35
2022-02-06T12:54:28,4.5
2022-02-06T13:11:38,6.25
2022-02-06T13:28:46,4.6
2022-02-06T13:45:55,6.95
2022-02-06T14:02:58,6.7
2022-02-06T14:20:09,5.3
2022-02-06T14:37:17,4.5
2022-02-06T14:54:28,6.2
2022-02-06T15:11:37,4.6
2022-02-06T15:28:46,6.75
2022-02-06T15:45:57,5.0
2022-02-06T16:03:04,7.6
2022-02-06T16:20:08,4.35
2022-02-06T16:37:18,6.45
2022-02-06T16:54:28,5.0
2022-02-06T17:11:35,6.05
2022-02-06T17:28:47,5.55
2022-02-06T17:45:53,5.35
2022-02-06T18:03:04,6.0
2022-02-06T18:20:09,8.15
2022-02-06T18:37:20,5.0
2022-02-06T18:54:29,7.3
2022-02-06T19:11:40,4.85
2022-02-06T19:28:48,7.25
2022-02-06T19:45:58,4.7
2022-02-06T20:03:06,7.25
2022-02-06T20:20:16,4.55
2022-02-06T20:37:24,5.35
2022-02-06T20:54:37,5.6
2022-02-06T21:11:45,4.35
2022-02-06T21:28:57,6.2
2022-02-06T21:46:06,4.4
2022-02-06T22:03:16,6.5
2022-02-06T22:20:24,4.5
2022-02-06T22:37:33,7.4
2022-02-06T22:54:40,4.25
2022-02-06T23:11:50,6.55
2022-02-06T23:28:59,4.6
2022-02-06T23:46:08,7.05
2022-02-07T00:03:18,4.95
2022-02-07T00:20:25,6.95
2022-02-07T00:37:36,5.3
2022-02-07T00:54:41,8.4
2022-02-07T01:11:51,4.65
2022-02-07T01:28:59,6.2
2022-02-07T01:46:11,5.4
2022-02-07T02:03:18,4.7
2022-02-07T02:20:30,5.9
2022-02-07T02:37:38,4.35
2022-02-07T02:54:47,6.7
2022-02-07T03:11:51,6.0
2022-02-07T03:29:03,5.5
2022-02-07T03:46:11,4.25
2022-02-07T04:03:21,6.5
2022-02-07T04:20:31,4.45
2022-02-07T04:37:39,7.2
2022-02-07T04:54:49,4.9
2022-02-07T05:11:56,8.0
2022-02-07T05:29:02,4.15
2022-02-07T05:46:13,6.6
2022-02-07T06:03:24,4.55
2022-02-07T06:20:33,7.15
2022-02-07T06:37:45,5.0
2022-02-07T06:54:52,6.15
2022-02-07T07:12:04,5.55
2022-02-07T07:29:09,8.3
2022-02-07T07:46:19,4.7
2022-02-07T08:03:27,6.7
2022-02-07T08:20:40,5.35
2022-02-07T08:37:48,4.9
2022-02-07T08:54:59,5.95
2022-02-07T09:12:07,4.25
2022-02-07T09:29:17,6.0
2022-02-07T09:46:24,4.65
2022-02-07T10:03:34,6.45
2022-02-07T10:20:43,4.5
2022-02-07T10:37:52,7.05
2022-02-07T10:55:02,4.95
2022-02-07T11:12:10,6.0
2022-02-07T11:29:21,5.65
2022-02-07T11:46:30,5.9
2022-02-07T12:03:39,4.45
2022-02-07T12:20:49,7.05
2022-02-07T12:37:59,5.05
2022-02-07T12:55:06,5.7
2022-02-07T13:12:17,5.7
2022-02-07T13:29:25,4.65
2022-02-07T13:46:35,6.55
2022-02-07T14:03:42,6.9
2022-02-07T14:20:53,5.25
2022-02-07T14:38:02,4.45
2022-02-07T14:55:12,6.35
2022-02-07T15:12:21,4.7
2022-02-07T15:29:30,6.95
2022-02-07T15:46:41,5.1
2022-02-07T16:03:49,5.65
2022-02-07T16:20:57,4.3
2022-02-07T16:38:07,7.1
2022-02-07T16:55:16,4.5
2022-02-07T17:12:25,7.0
2022-02-07T17:29:37,5.05
2022-02-07T17:46:44,5.45
2022-02-07T18:03:56,5.7
2022-02-07T18:21:02,6.65
2022-02-07T18:38:11,4.35
2022-02-07T18:55:21,6.8
2022-02-07T19:12:31,4.8
2022-02-07T19:29:39,6.2
2022-02-07T19:46:50,5.4
2022-02-07T20:03:58,4.4
2022-02-07T20:21:08,6.3
2022-02-07T20:38:12,8.15
2022-02-07T20:55:22,4.65
2022-02-07T21:12:29,5.8
2022-02-07T21:29:40,5.45
2022-02-07T21:46:47,4.45
2022-02-07T22:03:58,6.4
2022-02-07T22:21:06,4.5
2022-02-07T22:38:16,6.85
2022-02-07T22:55:19,5.25
2022-02-07T23:12:30,5.7
2022-02-07T23:29:39,4.4
2022-02-07T23:46:49,6.65
2022-02-08T00:03:59,4.9
2022-02-08T00:21:08,5.7
2022-02-08T00:38:20,5.8
2022-02-08T00:55:26,7.4
2022-02-08T01:12:34,4.4
2022-02-08T01:29:44,6.1
2022-02-08T01:46:55,5.6
2022-02-08T02:04:03,4.55
2022-02-08T02:21:13,6.05
2022-02-08T02:38:22,4.6
2022-02-08T02:55:31,6.95
2022-02-08T03:12:41,6.1
2022-02-08T03:29:54,5.3
2022-02-08T03:47:02,4.55
2022-02-08T04:04:12,5.95
2022-02-08T04:21:21,4.75
2022-02-08T04:38:30,6.95
2022-02-08T04:55:39,5.15
2022-02-08T05:12:48,6.45
2022-02-08T05:29:54,4.4
2022-02-08T05:47:05,6.0
2022-02-08T06:04:14,4.4
2022-02-08T06:21:23,6.95
2022-02-08T06:38:33,5.05
2022-02-08T06:55:40,6.45
2022-02-08T07:12:51,5.4
2022-02-08T07:29:57,8.2
2022-02-08T07:47:03,4.45
2022-02-08T08:04:13,6.8
2022-02-08T08:21:23,4.8
2022-02-08T08:38:31,6.7
2022-02-08T08:55:42,5.4
2022-02-08T09:12:50,4.35
2022-02-08T09:30:00,6.2
2022-02-08T09:47:03,8.1
2022-02-08T10:04:13,4.9
2022-02-08T10:21:21,6.25
2022-02-08T10:38:32,6.25
2022-02-08T10:55:40,4.65
2022-02-08T11:12:48,7.4
2022-02-08T11:29:58,4.9
2022-02-08T11:47:05,6.15
2022-02-08T12:04:11,4.45
2022-02-08T12:21:21,6.6
2022-02-08T12:38:30,5.0
2022-02-08T12:55:36,6.1
2022-02-08T13:12:47,6.25
2022-02-08T13:29:54,4.8
2022-02-08T13:47:02,7.3
2022-02-08T14:04:11,5.7
2022-02-08T14:21:20,5.0
2022-02-08T14:38:28,5.55
2022-02-08T14:55:38,6.4
2022-02-08T15:12:46,4.85
2022-02-08T15:29:53,6.95
2022-02-08T15:47:01,7.0
2022-02-08T16:04:07,6.45
2022-02-08T16:21:17,6.3
2022-02-08T16:38:28,5.95
2022-02-08T16:55:35,4.5
2022-02-08T17:12:43,7.5
2022-02-08T17:29:52,5.85
2022-02-08T17:46:59,4.35
2022-02-08T18:04:06,7.5
2022-02-08T18:21:13,5.05
2022-02-08T18:38:19,4.55
2022-02-08T18:55:28,6.9
2022-02-08T19:12:36,4.95
2022-02-08T19:29:42,7.2
2022-02-08T19:46:52,5.9
2022-02-08T20:03:58,4.25
2022-02-08T20:21:07,7.25
2022-02-08T20:38:15,5.45
2022-02-08T20:55:25,4.65
2022-02-08T21:12:32,7.05
2022-02-08T21:29:42,6.15
2022-02-08T21:46:47,4.55
2022-02-08T22:03:56,7.25
2022-02-08T22:21:04,5.1
2022-02-08T22:38:09,7.4
2022-02-08T22:55:19,6.0
2022-02-08T23:12:29,5.8
2022-02-08T23:29:36,4.6
2022-02-08T23:46:44,7.45
2022-02-09T00:03:53,5.55
2022-02-09T00:20:58,6.3
2022-02-09T00:38:08,6.55
2022-02-09T00:55:14,4.65
2022-02-09T01:12:23,4.5
2022-02-09T01:29:31,6.9
2022-02-09T01:46:38,5.3
2022-02-09T02:03:44,7.2
2022-02-09T02:20:53,6.05
2022-02-09T02:37:58,4.75
2022-02-09T02:55:07,7.05
2022-02-09T03:12:14,5.35
2022-02-09T03:29:24,5.05
2022-02-09T03:46:31,6.6
2022-02-09T04:03:40,6.2
2022-02-09T04:20:46,4.9
2022-02-09T04:37:53,7.4
2022-02-09T04:55:03,5.55
2022-02-09T05:12:10,6.4
2022-02-09T05:29:19,6.5
2022-02-09T05:46:28,5.7
2022-02-09T06:03:35,4.8
2022-02-09T06:20:43,7.25
2022-02-09T06:37:50,5.45
2022-02-09T06:54:55,6.2
2022-02-09T07:12:04,6.5
2022-02-09T07:29:12,4.6
2022-02-09T07:46:20,4.4
2022-02-09T08:03:29,6.65
2022-02-09T08:20:36,5.1
2022-02-09T08:37:43,7.3
2022-02-09T08:54:52,5.95
2022-02-09T09:11:57,4.85
2022-02-09T09:29:05,7.0
2022-02-09T09:46:15,5.5
2022-02-09T10:03:24,4.35
2022-02-09T10:20:33,6.9
2022-02-09T10:37:42,4.85
2022-02-09T10:54:49,6.7
2022-02-09T11:11:59,5.3
2022-02-09T11:29:06,4.0
2022-02-09T11:46:17,6.2
2022-02-09T12:03:19,8.35
2022-02-09T12:20:28,4.65
2022-02-09T12:37:36,6.05
2022-02-09T12:54:46,5.6
2022-02-09T13:11:53,4.2
2022-02-09T13:29:02,6.7
2022-02-09T13:46:11,4.5
2022-02-09T14:03:19,6.4
2022-02-09T14:20:24,4.8
2022-02-09T14:37:34,6.55
2022-02-09T14:54:42,5.1
2022-02-09T15:11:48,4.95
2022-02-09T15:28:57,6.3
2022-02-09T15:46:06,4.75
2022-02-09T16:03:13,5.5
2022-02-09T16:20:23,6.45
2022-02-09T16:37:30,4.45
2022-02-09T16:54:38,6.1
2022-02-09T17:11:50,5.2
2022-02-09T17:28:57,4.3
2022-02-09T17:46:06,6.7
2022-02-09T18:03:13,4.85
2022-02-09T18:20:20,7.45
2022-02-09T18:37:27,6.4
2022-02-09T18:54:37,5.5
2022-02-09T19:11:44,4.4
2022-02-09T19:28:53,6.5
2022-02-09T19:46:01,4.95
2022-02-09T20:03:07,7.2
2022-02-09T20:20:16,5.4
2022-02-09T20:37:22,4.9
2022-02-09T20:54:31,4.35
2022-02-09T21:11:40,6.2
2022-02-09T21:28:48,4.8
2022-02-09T21:45:56,7.35
2022-02-09T22:03:05,5.5
2022-02-09T22:20:11,5.1
2022-02-09T22:37:20,6.4
2022-02-09T22:54:27,5.4
2022-02-09T23:11:36,4.8
2022-02-09T23:28:44,5.45
2022-02-09T23:45:53,6.25
2022-02-10T00:03:00,4.85
2022-02-10T00:20:08,7.2
2022-02-10T00:37:16,5.2
2022-02-10T00:54:21,6.55
2022-02-10T01:11:30,6.35
2022-02-10T01:28:40,5.4
2022-02-10T01:45:46,4.75
2022-02-10T02:02:55,6.75
2022-02-10T02:20:03,5.1
2022-02-10T02:37:09,7.05
2022-02-10T02:54:18,5.9
2022-02-10T03:11:25,4.7
2022-02-10T03:28:35,4.4
2022-02-10T03:45:45,6.55
2022-02-10T04:02:54,5.05
2022-02-10T04:20:01,7.25
2022-02-10T04:37:10,5.8
2022-02-10T04:54:16,4.55
2022-02-10T05:11:25,6.55
2022-02-10T05:28:34,5.05
2022-02-10T05:45:43,4.65
2022-02-10T06:02:51,6.45
2022-02-10T06:20:00,5.95
2022-02-10T06:37:07,4.5
2022-02-10T06:54:15,6.6
2022-02-10T07:11:23,4.95
2022-02-10T07:28:30,7.1
2022-02-10T07:45:39,6.1
2022-02-10T08:02:49,5.35
2022-02-10T08:19:56,4.4
2022-02-10T08:37:05,6.45
2022-02-10T08:54:13,4.75
2022-02-10T09:11:20,6.65
2022-02-10T09:28:30,5.05
2022-02-10T09:45:37,6.6
2022-02-10T10:02:41,5.4
2022-02-10T10:19:52,5.9
2022-02-10T10:37:00,4.3
2022-02-10T10:54:08,7.05
2022-02-10T11:11:17,4.65
2022-02-10T11:28:23,5.8
2022-02-10T11:45:32,6.7
2022-02-10T12:02:39,5.0
2022-02-10T12:19:48,5.1
2022-02-10T12:36:54,5.3
2022-02-10T12:54:03,7.0
2022-02-10T13:11:10,5.2
2022-02-10T13:28:16,5.5
2022-02-10T13:45:24,6.95
2022-02-10T14:02:32,5.9
2022-02-10T14:19:33,9.1
2022-02-10T14:36:40,4.95
2022-02-10T14:53:47,4.15
2022-02-10T15:10:58,5.85
2022-02-10T15:28:05,3.55
2022-02-10T15:45:15,6.2
2022-02-10T16:02:23,4.2
2022-02-10T16:19:33,6.65
2022-02-10T16:36:37,5.75
2022-02-10T16:53:49,4.75
2022-02-10T17:10:55,5.75
2022-02-10T17:28:08,4.1
2022-02-10T17:45:18,6.85
2022-02-10T18:02:28,3.55
2022-02-10T18:19:38,6.3
2022-02-10T18:36:45,5.5
2022-02-10T18:53:54,3.6
2022-02-10T19:11:05,6.05
2022-02-10T19:28:13,3.85
2022-02-10T19:45:23,6.1
2022-02-10T20:02:31,3.75
2022-02-10T20:19:42,6.1
2022-02-10T20:36:50,3.9
2022-02-10T20:54:00,6.3
2022-02-10T21:11:14,4.25
2022-02-10T21:28:22,6.55
2022-02-10T21:45:34,4.55
2022-02-10T22:02:41,6.15
2022-02-10T22:19:53,4.8
2022-02-10T22:37:01,4.75
2022-02-10T22:54:13,5.2
2022-02-10T23:11:20,4.55
2022-02-10T23:28:32,5.1
2022-02-10T23:45:41,3.9
2022-02-11T00:02:52,5.7
2022-02-11T00:20:00,3.95
2022-02-11T00:37:10,6.0
2022-02-11T00:54:18,4.0
2022-02-11T01:11:27,6.45
2022-02-11T01:28:35,3.8
2022-02-11T01:45:45,6.15
2022-02-11T02:02:54,4.05
2022-02-11T02:20:03,6.3
2022-02-11T02:37:12,4.25
2022-02-11T02:54:21,6.55
2022-02-11T03:11:31,4.3
2022-02-11T03:28:41,6.5
2022-02-11T03:45:53,4.65
2022-02-11T04:03:01,5.9
2022-02-11T04:20:12,5.0
2022-02-11T04:37:20,5.55
2022-02-11T04:54:31,4.95
2022-02-11T05:11:38,4.7
2022-02-11T05:28:49,5.5
2022-02-11T05:45:56,4.45
2022-02-11T06:03:08,5.15
2022-02-11T06:20:16,3.75
2022-02-11T06:37:27,5.6
2022-02-11T06:54:35,3.8
2022-02-11T07:11:46,5.85
2022-02-11T07:28:54,3.95
2022-02-11T07:46:05,6.0
2022-02-11T08:03:14,3.8
2022-02-11T08:20:24,6.2
2022-02-11T08:37:35,3.95
2022-02-11T08:54:45,6.4
2022-02-11T09:11:56,3.45
2022-02-11T09:29:07,6.0
2022-02-11T09:46:17,3.75
2022-02-11T10:03:27,5.85
2022-02-11T10:20:39,4.35
2022-02-11T10:37:48,5.3
2022-02-11T10:55:00,4.6
2022-02-11T11:12:09,4.8
2022-02-11T11:29:21,5.05
2022-02-11T11:46:29,4.05
2022-02-11T12:03:41,5.5
2022-02-11T12:20:49,4.05
2022-02-11T12:38:02,5.0
2022-02-11T12:55:11,3.65
2022-02-11T13:12:21,5.6
2022-02-11T13:29:30,3.6
2022-02-11T13:46:39,7.25
2022-02-11T14:03:48,4.15
2022-02-11T14:20:57,7.1
2022-02-11T14:38:04,3.8
2022-02-11T14:55:15,6.5
2022-02-11T15:12:24,4.05
2022-02-11T15:29:33,6.7
2022-02-11T15:46:43,4.1
2022-02-11T16:03:53,6.7
2022-02-11T16:21:03,4.35
2022-02-11T16:38:11,6.05
2022-02-11T16:55:22,4.95
2022-02-11T17:12:29,4.2
2022-02-11T17:29:41,5.4
2022-02-11T17:46:49,3.7
2022-02-11T18:04:00,6.25
2022-02-11T18:21:10,3.85
2022-02-11T18:38:20,6.65
2022-02-11T18:55:25,4.35
2022-02-11T19:12:38,5.05
2022-02-11T19:29:47,3.45
2022-02-11T19:46:58,5.5
2022-02-11T20:04:06,3.55
2022-02-11T20:21:17,5.85
2022-02-11T20:38:25,3.6
2022-02-11T20:55:35,6.4
2022-02-11T21:12:46,3.75
2022-02-11T21:29:55,6.45
2022-02-11T21:47:05,4.1
2022-02-11T22:04:14,6.5
2022-02-11T22:21:26,4.5
2022-02-11T22:38:34,4.9
2022-02-11T22:55:46,5.35
2022-02-11T23:12:52,6.35
2022-02-11T23:30:04,4.55
2022-02-11T23:47:12,4.9
2022-02-12T00:04:23,5.15
2022-02-12T00:21:30,4.3
2022-02-12T00:38:44,5.55
2022-02-12T00:55:52,3.8
2022-02-12T01:13:03,5.9
2022-02-12T01:30:10,3.6
2022-02-12T01:47:22,5.5
2022-02-12T02:04:31,4.0
2022-02-12T02:21:42,6.2
2022-02-12T02:38:52,3.85
2022-02-12T02:56:03,6.1
2022-02-12T03:13:11,3.95
2022-02-12T03:30:21,6.5
2022-02-12T03:47:32,3.95
2022-02-12T04:04:41,6.45
2022-02-12T04:21:51,4.35
2022-02-12T04:38:59,6.7
2022-02-12T04:56:11,4.6
2022-02-12T05:13:18,6.85
2022-02-12T05:30:29,4.6
2022-02-12T05:47:37,5.6
2022-02-12T06:04:49,4.9
2022-02-12T06:21:57,5.05
2022-02-12T06:39:09,4.95
2022-02-12T06:56:16,4.6
2022-02-12T07:13:29,5.15
2022-02-12T07:30:37,4.0
2022-02-12T07:47:48,5.6
2022-02-12T08:04:57,3.5
2022-02-12T08:22:09,5.7
2022-02-12T08:39:17,3.7
2022-02-12T08:56:28,6.0
2022-02-12T09:13:37,3.8
2022-02-12T09:30:47,6.5
2022-02-12T09:47:57,4.2
2022-02-12T10:05:05,6.85
2022-02-12T10:22:15,4.1
2022-02-12T10:39:25,6.25
2022-02-12T10:56:35,4.15
2022-02-12T11:13:44,6.7
2022-02-12T11:30:54,4.25
2022-02-12T11:48:03,6.55
2022-02-12T12:05:12,4.0
2022-02-12T12:22:21,5.25
2022-02-12T12:39:33,4.95
2022-02-12T12:56:40,5.6
2022-02-12T13:13:52,4.95
2022-02-12T13:30:58,5.6
2022-02-12T13:48:10,4.8
2022-02-12T14:05:17,5.75
2022-02-12T14:22:28,5.0
2022-02-12T14:39:37,3.7
2022-02-12T14:56:48,5.65
2022-02-12T15:13:57,4.0
2022-02-12T15:31:06,6.05
2022-02-12T15:48:15,4.0
2022-02-12T16:05:24,6.0
2022-02-12T16:22:33,3.9
2022-02-12T16:39:42,6.6
2022-02-12T16:56:52,4.45
2022-02-12T17:14:01,3.75
2022-02-12T17:31:11,6.3
2022-02-12T17:48:20,4.25
2022-02-12T18:05:28,6.8
2022-02-12T18:22:39,5.35
2022-02-12T18:39:46,4.1
2022-02-12T18:56:58,3.75
2022-02-12T19:14:10,5.7
2022-02-12T19:31:18,4.2
2022-02-12T19:48:26,6.95
2022-02-12T20:05:38,5.15
2022-02-12T20:22:46,4.0
2022-02-12T20:39:56,6.3
2022-02-12T20:57:05,4.45
2022-02-12T21:14:16,3.9
2022-02-12T21:31:25,6.75
2022-02-12T21:48:35,5.0
2022-02-12T22:05:42,4.15
2022-02-12T22:22:52,6.1
2022-02-12T22:40:00,4.45
2022-02-12T22:57:08,6.75
2022-02-12T23:14:18,5.15
2022-02-12T23:31:30,5.0
2022-02-12T23:48:37,3.95
2022-02-13T00:05:47,6.15
2022-02-13T00:22:55,4.35
2022-02-13T00:40:03,6.4
2022-02-13T00:57:13,5.35
2022-02-13T01:14:20,4.2
2022-02-13T01:31:30,3.65
2022-02-13T01:48:41,6.0
2022-02-13T02:05:50,4.5
2022-02-13T02:22:57,6.3
2022-02-13T02:40:06,5.55
2022-02-13T02:57:14,4.05
2022-02-13T03:14:23,6.6
2022-02-13T03:31:32,4.55
2022-02-13T03:48:41,4.05
2022-02-13T04:05:49,6.6
2022-02-13T04:22:59,5.2
2022-02-13T04:40:05,4.0
2022-02-13T04:57:14,6.35
2022-02-13T05:14:23,4.55
2022-02-13T05:31:29,5.6
2022-02-13T05:48:40,5.7
2022-02-13T06:05:51,4.9
2022-02-13T06:22:59,4.05
2022-02-13T06:40:09,6.45
2022-02-13T06:57:17,4.7
2022-02-13T07:14:24,4.8
2022-02-13T07:31:34,6.05
2022-02-13T07:48:43,4.5
2022-02-13T08:05:53,4.3
2022-02-13T08:23:04,5.8
2022-02-13T08:40:13,4.45
2022-02-13T08:57:20,5.5
2022-02-13T09:14:30,5.95
2022-02-13T09:31:37,4.1
2022-02-13T09:48:45,7.0
2022-02-13T10:05:55,4.9
2022-02-13T10:23:05,4.2
2022-02-13T10:40:14,6.2
2022-02-13T10:57:26,5.2
2022-02-13T11:14:33,4.0
2022-02-13T11:31:43,5.65
2022-02-13T11:48:50,4.15
2022-02-13T12:05:59,6.5
2022-02-13T12:23:04,6.9
2022-02-13T12:40:13,5.1
2022-02-13T12:57:20,4.1
2022-02-13T13:14:30,6.0
2022-02-13T13:31:38,4.25
2022-02-13T13:48:46,6.8
2022-02-13T14:05:53,4.8
2022-02-13T14:22:59,7.15
2022-02-13T14:40:02,6.75
2022-02-13T14:57:11,6.05
2022-02-13T15:14:19,4.75
2022-02-13T15:31:26,6.8
2022-02-13T15:48:33,4.85
2022-02-13T16:05:40,7.05
2022-02-13T16:22:48,5.4
2022-02-13T16:39:55,7.1
2022-02-13T16:57:00,4.05
2022-02-13T17:14:11,5.8
2022-02-13T17:31:19,4.1
2022-02-13T17:48:28,6.45
2022-02-13T18:05:36,4.35
2022-02-13T18:22:43,6.85
2022-02-13T18:39:51,4.8
2022-02-13T18:56:58,7.05
2022-02-13T19:14:06,4.6
2022-02-13T19:31:13,6.75
2022-02-13T19:48:23,5.0
2022-02-13T20:05:29,6.15
2022-02-13T20:22:40,5.3
2022-02-13T20:39:46,5.5
2022-02-13T20:56:55,5.55
2022-02-13T21:14:00,5.3
2022-02-13T21:31:10,5.5
2022-02-13T21:48:17,4.5
2022-02-13T22:05:26,5.7
2022-02-13T22:22:33,4.35
2022-02-13T22:39:42,6.05
2022-02-13T22:56:50,4.45
2022-02-13T23:13:58,6.6
2022-02-13T23:31:04,4.4
2022-02-13T23:48:13,6.15
2022-02-14T00:05:21,4.4
2022-02-14T00:22:29,6.45
2022-02-14T00:39:37,4.75
2022-02-14T00:56:44,6.75
2022-02-14T01:13:53,4.85
2022-02-14T01:30:59,7.1
2022-02-14T01:48:08,4.7
2022-02-14T02:05:15,6.3
2022-02-14T02:22:25,5.1
2022-02-14T02:39:31,5.65
2022-02-14T02:56:41,5.5
2022-02-14T03:13:47,4.6
2022-02-14T03:30:57,5.7
2022-02-14T03:48:02,5.65
2022-02-14T04:05:12,5.25
2022-02-14T04:22:18,4.55
2022-02-14T04:39:27,5.75
2022-02-14T04:56:34,4.65
2022-02-14T05:13:42,6.05
2022-02-14T05:30:49,4.45
2022-02-14T05:47:57,6.35
2022-02-14T06:05:04,4.2
2022-02-14T06:22:13,5.95
2022-02-14T06:39:19,4.5
2022-02-14T06:56:27,6.45
2022-02-14T07:13:36,4.75
2022-02-14T07:30:42,7.05
2022-02-14T07:47:51,4.95
2022-02-14T08:04:57,7.15
2022-02-14T08:22:06,4.55
2022-02-14T08:39:14,6.4
2022-02-14T08:56:25,4.85
2022-02-14T09:13:31,6.05
2022-02-14T09:30:41,5.4
2022-02-14T09:47:47,4.4
2022-02-14T10:04:57,5.8
2022-02-14T10:22:01,6.55
2022-02-14T10:39:11,4.95
2022-02-14T10:56:17,5.45
2022-02-14T11:13:27,5.4
2022-02-14T11:30:33,4.5
2022-02-14T11:47:42,6.3
2022-02-14T12:04:50,3.6
2022-02-14T12:22:00,6.4
2022-02-14T12:39:05,4.7
2022-02-14T12:56:15,5.7
2022-02-14T13:13:23,4.4
2022-02-14T13:30:30,6.45
2022-02-14T13:47:40,5.2
2022-02-14T14:04:47,4.35
2022-02-14T14:21:55,6.3
2022-02-14T14:39:04,5.15
2022-02-14T14:56:14,4.75
2022-02-14T15:13:21,5.3
2022-02-14T15:30:30,5.55
2022-02-14T15:47:39,4.4
2022-02-14T16:04:46,6.75
2022-02-14T16:21:56,5.05
2022-02-14T16:39:02,5.95
2022-02-14T16:56:10,5.2
2022-02-14T17:13:22,4.9
2022-02-14T17:30:29,5.4
2022-02-14T17:47:41,4.8
2022-02-14T18:04:47,5.8
2022-02-14T18:21:59,5.0
2022-02-14T18:39:05,5.5
2022-02-14T18:56:16,5.15
2022-02-14T19:13:24,3.75
2022-02-14T19:30:35,5.8
2022-02-14T19:47:42,3.8
2022-02-14T20:04:52,5.9
2022-02-14T20:22:01,3.95
2022-02-14T20:39:10,6.55
2022-02-14T20:56:19,4.2
2022-02-14T21:13:26,7.2
2022-02-14T21:30:35,4.05
2022-02-14T21:47:44,6.55
2022-02-14T22:04:54,4.55
2022-02-14T22:22:01,6.35
2022-02-14T22:39:11,4.75
2022-02-14T22:56:17,5.9
2022-02-14T23:13:28,5.0
2022-02-14T23:30:33,5.65
2022-02-14T23:47:45,4.85
2022-02-15T00:04:52,4.8
2022-02-15T00:22:03,5.15
2022-02-15T00:39:10,3.9
2022-02-15T00:56:20,5.7
2022-02-15T01:13:28,4.1
2022-02-15T01:30:37,6.3
2022-02-15T01:47:44,3.95
2022-02-15T02:04:54,5.7
2022-02-15T02:22:02,3.8
2022-02-15T02:39:11,6.0
2022-02-15T02:56:19,4.1
2022-02-15T03:13:28,6.15
2022-02-15T03:30:36,3.95
2022-02-15T03:47:43,6.85
2022-02-15T04:04:52,4.2
2022-02-15T04:22:00,6.35
2022-02-15T04:39:11,4.55
2022-02-15T04:56:17,5.85
2022-02-15T05:13:28,4.95
2022-02-15T05:30:37,4.6
2022-02-15T05:47:48,5.4
2022-02-15T06:04:52,5.95
2022-02-15T06:22:03,4.75
2022-02-15T06:39:09,5.5
2022-02-15T06:56:20,4.95
2022-02-15T07:13:27,5.05
2022-02-15T07:30:38,5.15
2022-02-15T07:47:44,4.7
2022-02-15T08:04:54,5.6
2022-02-15T08:22:01,3.9
2022-02-15T08:39:10,6.1
2022-02-15T08:56:17,4.1
2022-02-15T09:13:24,6.5
2022-02-15T09:30:33,4.15
2022-02-15T09:47:40,6.55
2022-02-15T10:04:50,4.55
2022-02-15T10:21:55,8.05
2022-02-15T10:39:02,3.75
2022-02-15T10:56:10,6.65
2022-02-15T11:13:20,4.1
2022-02-15T11:30:27,7.05
2022-02-15T11:47:36,4.45
2022-02-15T12:04:42,7.1
2022-02-15T12:21:52,4.85
2022-02-15T12:38:57,5.75
2022-02-15T12:56:07,5.25
2022-02-15T13:13:12,4.7
2022-02-15T13:30:22,5.7
2022-02-15T13:47:27,4.1
2022-02-15T14:04:36,6.5
2022-02-15T14:21:45,3.55
2022-02-15T14:38:54,7.0
2022-02-15T14:55:58,4.05
2022-02-15T15:13:09,5.75
2022-02-15T15:30:18,3.65
2022-02-15T15:47:27,6.65
2022-02-15T16:04:36,3.85
2022-02-15T16:21:43,7.0
2022-02-15T16:38:54,5.0
2022-02-15T16:55:59,8.25
2022-02-15T17:13:07,3.7
2022-02-15T17:30:15,6.65
2022-02-15T17:47:26,4.6
2022-02-15T18:04:33,6.5
2022-02-15T18:21:44,4.95
2022-02-15T18:38:49,5.45
2022-02-15T18:56:00,5.15
2022-02-15T19:13:04,6.05
2022-02-15T19:30:16,4.75
2022-02-15T19:47:22,4.6
2022-02-15T20:04:33,5.4
2022-02-15T20:21:40,3.65
2022-02-15T20:38:51,5.9
2022-02-15T20:55:59,3.7
2022-02-15T21:13:08,6.6
2022-02-15T21:30:13,3.6
2022-02-15T21:47:24,5.6
2022-02-15T22:04:32,3.75
2022-02-15T22:21:42,6.1
2022-02-15T22:38:51,3.85
2022-02-15T22:56:00,6.35
2022-02-15T23:13:10,4.7
2022-02-15T23:30:16,7.75
2022-02-15T23:47:24,3.95
2022-02-16T00:04:33,6.4
2022-02-16T00:21:44,4.5
2022-02-16T00:38:51,5.35
2022-02-16T00:56:02,4.95
2022-02-16T01:13:08,4.3
2022-02-16T01:30:19,5.65
2022-02-16T01:47:23,6.3
2022-02-16T02:04:35,4.8
2022-02-16T02:21:43,3.65
2022-02-16T02:38:53,5.8
2022-02-16T02:56:00,3.8
2022-02-16T03:13:11,6.35
2022-02-16T03:30:21,4.0
2022-02-16T03:47:30,7.1
2022-02-16T04:04:35,3.6
2022-02-16T04:21:45,5.8
2022-02-16T04:38:53,3.8
2022-02-16T04:56:02,6.55
2022-02-16T05:13:11,4.25
2022-02-16T05:30:19,6.85
2022-02-16T05:47:28,4.7
2022-02-16T06:04:33,7.9
2022-02-16T06:21:42,3.95
2022-02-16T06:38:50,6.7
2022-02-16T06:56:01,4.45
2022-02-16T07:13:08,5.6
2022-02-16T07:30:20,4.95
2022-02-16T07:47:28,3.85
2022-02-16T08:04:38,5.85
2022-02-16T08:21:40,6.35
2022-02-16T08:38:51,4.7
2022-02-16T08:55:59,4.05
2022-02-16T09:13:08,6.75
2022-02-16T09:30:18,4.35
2022-02-16T09:47:25,6.25
2022-02-16T10:04:37,4.85
2022-02-16T10:21:43,6.15
2022-02-16T10:38:49,3.6
2022-02-16T10:56:01,5.9
2022-02-16T11:13:09,3.8
2022-02-16T11:30:18,6.5
2022-02-16T11:47:28,4.25
2022-02-16T12:04:35,6.05
2022-02-16T12:21:46,4.8
2022-02-16T12:38:52,8.0
2022-02-16T12:56:01,3.8
2022-02-16T13:13:11,6.55
2022-02-16T13:30:21,4.0
2022-02-16T13:47:29,6.25
2022-02-16T14:04:40,4.6
2022-02-16T14:21:46,6.05
2022-02-16T14:38:57,4.65
2022-02-16T14:56:02,6.2
2022-02-16T15:13:13,4.5
2022-02-16T15:30:21,5.0
2022-02-16T15:47:33,5.05
2022-02-16T16:04:41,3.5
2022-02-16T16:21:53,5.35
2022-02-16T16:38:58,4.0
2022-02-16T16:56:10,5.6
2022-02-16T17:13:16,3.8
2022-02-16T17:30:27,5.35
2022-02-16T17:47:34,3.7
2022-02-16T18:04:45,5.4
2022-02-16T18:21:52,3.75
2022-02-16T18:39:04,5.5
2022-02-16T18:56:10,3.55
2022-02-16T19:13:20,6.35
2022-02-16T19:30:30,3.85
2022-02-16T19:47:38,6.05
2022-02-16T20:04:49,4.45
2022-02-16T20:21:55,5.45
2022-02-16T20:39:05,4.8
2022-02-16T20:56:12,4.6
2022-02-16T21:13:23,5.15
2022-02-16T21:30:28,6.05
2022-02-16T21:47:39,4.7
2022-02-16T22:04:45,4.65
2022-02-16T22:21:56,5.35
2022-02-16T22:39:03,3.6
2022-02-16T22:56:14,5.85
2022-02-16T23:13:22,3.8
2022-02-16T23:30:31,6.8
2022-02-16T23:47:36,3.55
2022-02-17T00:04:47,5.55
2022-02-17T00:21:55,3.6
2022-02-17T00:39:04,6.45
2022-02-17T00:56:13,4.15
2022-02-17T01:13:21,6.7
2022-02-17T01:30:31,4.35
2022-02-17T01:47:37,7.6
2022-02-17T02:04:45,3.85
2022-02-17T02:21:53,6.45
2022-02-17T02:39:04,4.55
2022-02-17T02:56:10,5.7
2022-02-17T03:13:21,4.95
2022-02-17T03:30:27,4.6
2022-02-17T03:47:38,5.2
2022-02-17T04:04:42,6.0
2022-02-17T04:21:53,4.6
2022-02-17T04:39:00,4.25
2022-02-17T04:56:11,5.5
2022-02-17T05:13:18,3.7
2022-02-17T05:30:28,5.95
2022-02-17T05:47:35,3.6
2022-02-17T06:04:44,6.6
2022-02-17T06:21:49,3.65
2022-02-17T06:39:00,5.65
2022-02-17T06:56:09,3.55
2022-02-17T07:13:20,6.3
2022-02-17T07:30:28,3.8
2022-02-17T07:47:36,6.6
2022-02-17T08:04:45,4.15
2022-02-17T08:21:52,7.25
2022-02-17T08:39:01,4.6
2022-02-17T08:56:08,4.8
2022-02-17T09:13:18,5.65
2022-02-17T09:30:26,4.05
2022-02-17T09:47:35,6.85
2022-02-17T10:04:45,4.4
2022-02-17T10:21:51,6.05
2022-02-17T10:38:58,4.4
2022-02-17T10:56:08,6.4
2022-02-17T11:13:15,4.15
2022-02-17T11:30:23,6.7
2022-02-17T11:47:32,4.7
2022-02-17T12:04:38,6.15
2022-02-17T12:21:48,5.1
2022-02-17T12:38:54,5.1
2022-02-17T12:56:02,4.05
2022-02-17T13:13:11,6.25
2022-02-17T13:30:20,4.65
2022-02-17T13:47:27,6.35
2022-02-17T14:04:36,4.95
2022-02-17T14:21:42,4.65
2022-02-17T14:38:49,5.9
2022-02-17T14:55:58,6.05
2022-02-17T15:13:07,5.15
2022-02-17T15:30:14,4.55
2022-02-17T15:47:21,6.5
2022-02-17T16:04:28,5.65
2022-02-17T16:21:34,4.85
2022-02-17T16:38:42,6.55
2022-02-17T16:55:50,5.15
2022-02-17T17:12:56,4.75
2022-02-17T17:30:04,6.35
2022-02-17T17:47:15,4.5
2022-02-17T18:04:21,4.55
2022-02-17T18:21:31,5.75
2022-02-17T18:38:39,3.85
2022-02-17T18:55:47,6.65
2022-02-17T19:12:56,4.5
2022-02-17T19:30:05,3.65
2022-02-17T19:47:14,6.5
2022-02-17T20:04:22,4.6
2022-02-17T20:21:29,5.1
2022-02-17T20:38:39,5.35
2022-02-17T20:55:47,4.2
2022-02-17T21:12:55,6.5
2022-02-17T21:30:05,4.65
2022-02-17T21:47:16,4.65
2022-02-17T22:04:22,4.6
2022-02-17T22:21:32,5.5
2022-02-17T22:38:39,4.15
2022-02-17T22:55:48,6.3
2022-02-17T23:12:57,4.7
2022-02-17T23:30:05,4.1
2022-02-17T23:47:16,3.55
2022-02-18T00:04:27,5.7
2022-02-18T00:21:36,4.1
2022-02-18T00:38:44,5.55
2022-02-18T00:55:54,5.05
2022-02-18T01:13:01,4.05
2022-02-18T01:30:11,6.0
2022-02-18T01:47:20,4.15
2022-02-18T02:04:31,3.8
2022-02-18T02:21:40,6.25
2022-02-18T02:38:50,4.7
2022-02-18T02:55:57,4.0
2022-02-18T03:13:07,5.85
2022-02-18T03:30:16,4.4
2022-02-18T03:47:23,6.2
2022-02-18T04:04:34,4.7
2022-02-18T04:21:46,4.6
2022-02-18T04:38:53,4.0
2022-02-18T04:56:02,5.75
2022-02-18T05:13:12,4.25
2022-02-18T05:30:19,4.8
2022-02-18T05:47:29,5.45
2022-02-18T06:04:37,4.1
2022-02-18T06:21:48,3.45
2022-02-18T06:38:58,5.7
2022-02-18T06:56:06,4.15
2022-02-18T07:13:14,6.2
2022-02-18T07:30:24,4.95
2022-02-18T07:47:32,4.1
2022-02-18T08:04:44,5.7
2022-02-18T08:21:54,3.9
2022-02-18T08:39:05,3.95
2022-02-18T08:56:14,6.3
2022-02-18T09:13:24,4.8
2022-02-18T09:30:31,4.05
2022-02-18T09:47:41,5.7
2022-02-18T10:04:50,4.25
2022-02-18T10:21:57,6.75
2022-02-18T10:39:08,4.6
2022-02-18T10:56:19,4.75
2022-02-18T11:13:26,4.1
2022-02-18T11:30:35,5.75
2022-02-18T11:47:43,4.55
2022-02-18T12:04:51,5.7
2022-02-18T12:21:59,5.85
2022-02-18T12:39:06,4.25
2022-02-18T12:56:15,4.2
2022-02-18T13:13:25,5.45
2022-02-18T13:30:32,4.15
2022-02-18T13:47:40,6.2
2022-02-18T14:04:48,4.4
2022-02-18T14:21:54,6.7
2022-02-18T14:39:03,5.25
2022-02-18T14:56:09,6.15
2022-02-18T15:13:15,4.0
2022-02-18T15:30:24,6.3
2022-02-18T15:47:32,4.65
2022-02-18T16:04:38,6.25
2022-02-18T16:21:48,5.6
2022-02-18T16:38:55,4.7
2022-02-18T16:56:01,7.3
2022-02-18T17:13:07,6.6
2022-02-18T17:30:16,5.0
2022-02-18T17:47:24,4.35
2022-02-18T18:04:32,5.5
2022-02-18T18:21:41,5.75
2022-02-18T18:38:48,4.4
2022-02-18T18:55:55,6.55
2022-02-18T19:13:03,4.9
2022-02-18T19:30:08,5.15
2022-02-18T19:47:18,5.6
2022-02-18T20:04:25,4.5
2022-02-18T20:21:33,6.85
2022-02-18T20:38:41,5.15
2022-02-18T20:55:48,4.55
2022-02-18T21:12:56,6.4
2022-02-18T21:30:04,4.75
2022-02-18T21:47:12,4.55
2022-02-18T22:04:20,6.35
2022-02-18T22:21:29,5.4
2022-02-18T22:38:36,4.55
2022-02-18T22:55:44,6.5
2022-02-18T23:12:51,4.85
2022-02-18T23:29:57,5.85
2022-02-18T23:47:05,6.1
2022-02-19T00:04:14,4.9
2022-02-19T00:21:20,4.6
2022-02-19T00:38:29,6.2
2022-02-19T00:55:37,4.85
2022-02-19T01:12:45,6.35
2022-02-19T01:29:54,5.55
2022-02-19T01:47:00,4.8
2022-02-19T02:04:08,4.7
2022-02-19T02:21:17,5.7
2022-02-19T02:38:24,4.6
2022-02-19T02:55:30,6.9
2022-02-19T03:12:38,5.5
2022-02-19T03:29:45,4.6
2022-02-19T03:46:53,6.35
2022-02-19T04:03:59,4.85
2022-02-19T04:21:08,4.35
2022-02-19T04:38:15,6.95
2022-02-19T04:55:24,5.2
2022-02-19T05:12:30,4.55
2022-02-19T05:29:38,6.4
2022-02-19T05:46:46,4.9
2022-02-19T06:03:52,5.9
2022-02-19T06:21:00,6.2
2022-02-19T06:38:09,5.05
2022-02-19T06:55:15,4.55
2022-02-19T07:12:23,6.35
2022-02-19T07:29:30,4.95
2022-02-19T07:46:36,5.3
2022-02-19T08:03:44,5.85
2022-02-19T08:20:50,4.55
2022-02-19T08:37:57,4.95
2022-02-19T08:55:06,5.85
2022-02-19T09:12:12,4.5
2022-02-19T09:29:19,6.95
2022-02-19T09:46:26,6.1
2022-02-19T10:03:33,5.1
2022-02-19T10:20:39,4.85
2022-02-19T10:37:46,7.1
2022-02-19T10:54:49,4.6
2022-02-19T11:11:58,5.8
2022-02-19T11:29:05,4.05
2022-02-19T11:46:14,6.75
2022-02-19T12:03:22,4.5
2022-02-19T12:20:29,7.2
2022-02-19T12:37:36,4.7
2022-02-19T12:54:41,8.1
2022-02-19T13:11:46,4.5
2022-02-19T13:28:53,7.05
2022-02-19T13:46:01,4.95
2022-02-19T14:03:06,6.35
2022-02-19T14:20:15,5.55
2022-02-19T14:37:19,5.1
2022-02-19T14:54:29,5.6
2022-02-19T15:11:31,7.05
2022-02-19T15:28:40,4.6
2022-02-19T15:45:46,5.75
2022-02-19T16:02:55,5.35
2022-02-19T16:20:02,4.2
2022-02-19T16:37:11,6.1
2022-02-19T16:54:19,4.3
2022-02-19T17:11:23,7.0
2022-02-19T17:28:26,5.95
2022-02-19T17:45:37,4.25
2022-02-19T18:02:43,6.25
2022-02-19T18:19:53,3.7
2022-02-19T18:37:01,6.8
2022-02-19T18:54:09,3.85
2022-02-19T19:11:17,6.65
2022-02-19T19:28:24,5.45
2022-02-19T19:45:34,3.9
2022-02-19T20:02:42,6.55
2022-02-19T20:19:51,3.7
2022-02-19T20:36:59,7.05
2022-02-19T20:54:08,4.65
2022-02-19T21:11:13,6.0
2022-02-19T21:28:23,5.45
2022-02-19T21:45:27,6.5
2022-02-19T22:02:36,5.05
2022-02-19T22:19:42,4.25
2022-02-19T22:36:50,6.15
2022-02-19T22:53:56,4.4
2022-02-19T23:11:03,6.95
2022-02-19T23:28:11,4.75
2022-02-19T23:45:17,6.55
2022-02-20T00:02:21,4.15
2022-02-20T00:19:30,6.0
2022-02-20T00:36:37,4.35
2022-02-20T00:53:44,6.8
2022-02-20T01:10:52,4.75
2022-02-20T01:27:58,5.1
2022-02-20T01:45:06,5.65
2022-02-20T02:02:10,6.8
2022-02-20T02:19:19,4.3
2022-02-20T02:36:26,6.45
2022-02-20T02:53:35,4.85
2022-02-20T03:10:42,4.7
2022-02-20T03:27:52,5.65
2022-02-20T03:44:59,4.2
2022-02-20T04:02:07,6.55
2022-02-20T04:19:13,5.9
2022-02-20T04:36:22,5.15
2022-02-20T04:53:28,4.35
2022-02-20T05:10:37,5.8
2022-02-20T05:27:44,4.35
2022-02-20T05:44:53,6.85
2022-02-20T06:02:02,4.9
2022-02-20T06:19:08,5.35
2022-02-20T06:36:16,4.2
2022-02-20T06:53:24,6.1
2022-02-20T07:10:32,4.35
2022-02-20T07:27:39,6.45
2022-02-20T07:44:48,4.85
2022-02-20T08:01:54,5.35
2022-02-20T08:19:03,5.55
2022-02-20T08:36:07,7.35
2022-02-20T08:53:14,4.45
2022-02-20T09:10:21,4.4
2022-02-20T09:27:29,6.1
2022-02-20T09:44:35,4.5
2022-02-20T10:01:43,6.5
2022-02-20T10:18:51,4.85
2022-02-20T10:35:58,6.45
2022-02-20T10:53:06,4.9
2022-02-20T11:10:19,5.25
2022-02-20T11:27:25,4.8
2022-02-20T11:44:34,5.7
2022-02-20T12:01:41,4.45
2022-02-20T12:18:49,6.15
2022-02-20T12:35:56,4.45
2022-02-20T12:53:05,6.9
2022-02-20T13:10:08,4.7
2022-02-20T13:27:17,5.6
2022-02-20T13:44:24,4.4
2022-02-20T14:01:32,6.4
2022-02-20T14:18:39,4.6
2022-02-20T14:35:46,6.4
2022-02-20T14:52:55,5.2
2022-02-20T15:09:59,7.5
2022-02-20T15:27:05,4.4
2022-02-20T15:44:12,6.65
2022-02-20T16:01:20,4.8
2022-02-20T16:18:26,5.9
2022-02-20T16:35:35,5.3
2022-02-20T16:52:42,4.3
2022-02-20T17:09:50,6.35
2022-02-20T17:26:51,7.45
2022-02-20T17:43:59,4.95
2022-02-20T18:01:05,5.0
2022-02-20T18:18:14,5.85
2022-02-20T18:35:21,4.5
2022-02-20T18:52:28,6.6
2022-02-20T19:09:35,4.6
2022-02-20T19:26:41,6.45
2022-02-20T19:43:46,4.35
2022-02-20T20:00:55,6.15
2022-02-20T20:18:02,4.65
2022-02-20T20:35:08,7.05
2022-02-20T20:52:17,5.1
2022-02-20T21:09:23,4.85
2022-02-20T21:26:31,5.9
2022-02-20T21:43:37,5.8
2022-02-20T22:00:46,4.55
2022-02-20T22:17:55,6.65
2022-02-20T22:35:06,5.35
2022-02-20T22:52:12,4.45
2022-02-20T23:09:21,5.9
2022-02-20T23:26:27,4.4
2022-02-20T23:43:34,6.85
2022-02-21T00:00:39,6.25
2022-02-21T00:17:48,5.25
2022-02-21T00:34:54,4.5
2022-02-21T00:52:02,6.25
2022-02-21T01:09:09,4.7
2022-02-21T01:26:15,6.25
2022-02-21T01:43:25,5.4
2022-02-21T02:00:32,4.25
2022-02-21T02:17:40,4.2
2022-02-21T02:34:48,6.3
2022-02-21T02:51:54,4.55
2022-02-21T03:09:00,5.8
2022-02-21T03:26:09,5.65
2022-02-21T03:43:17,4.4
2022-02-21T04:00:25,6.7
2022-02-21T04:17:33,5.4
2022-02-21T04:34:42,4.4
2022-02-21T04:51:49,6.6
2022-02-21T05:08:58,5.45
2022-02-21T05:26:04,4.45
2022-02-21T05:43:13,6.15
2022-02-21T06:00:20,4.5
2022-02-21T06:17:26,6.9
2022-02-21T06:34:33,5.75
2022-02-21T06:51:43,5.0
2022-02-21T07:08:49,4.35
2022-02-21T07:25:58,6.25
2022-02-21T07:43:06,4.65
2022-02-21T08:00:12,6.5
2022-02-21T08:17:21,5.35
2022-02-21T08:34:27,4.9
2022-02-21T08:51:35,4.25
2022-02-21T09:08:43,6.25
2022-02-21T09:25:51,5.45
2022-02-21T09:42:58,4.55
2022-02-21T10:00:05,6.9
2022-02-21T10:17:14,5.3
2022-02-21T10:34:20,4.6
2022-02-21T10:51:28,7.0
2022-02-21T11:08:34,5.2
2022-02-21T11:25:40,4.8
2022-02-21T11:42:50,5.85
2022-02-21T11:59:57,3.85
2022-02-21T12:17:06,6.45
2022-02-21T12:34:14,4.5
2022-02-21T12:51:20,7.1
2022-02-21T13:08:28,6.15
2022-02-21T13:25:37,5.7
2022-02-21T13:42:43,3.5
2022-02-21T13:59:53,6.2
2022-02-21T14:17:02,4.6
2022-02-21T14:34:09,4.0
2022-02-21T14:51:18,6.0
2022-02-21T15:08:28,5.05
2022-02-21T15:25:34,3.55
2022-02-21T15:42:43,6.25
2022-02-21T15:59:53,4.95
2022-02-21T16:17:01,4.05
2022-02-21T16:34:09,6.45
2022-02-21T16:51:18,5.05
2022-02-21T17:08:27,3.95
2022-02-21T17:25:34,6.65
2022-02-21T17:42:42,4.3
2022-02-21T17:59:50,5.05
2022-02-21T18:17:00,5.65
2022-02-21T18:34:10,4.25
2022-02-21T18:51:17,5.4
2022-02-21T19:08:28,5.25
2022-02-21T19:25:36,4.05
2022-02-21T19:42:44,6.2
2022-02-21T19:59:54,4.9
2022-02-21T20:17:02,4.1
2022-02-21T20:34:11,5.85
2022-02-21T20:51:21,5.3
2022-02-21T21:08:30,4.55
2022-02-21T21:25:37,4.65
2022-02-21T21:42:47,6.05
2022-02-21T21:59:52,4.3
2022-02-21T22:17:02,6.15
2022-02-21T22:34:11,5.15
2022-02-21T22:51:19,4.25
2022-02-21T23:08:27,5.15
2022-02-21T23:25:35,5.75
2022-02-21T23:42:43,4.8
2022-02-21T23:59:48,7.5
2022-02-22T00:16:54,4.05
2022-02-22T00:34:02,4.4
2022-02-22T00:51:12,5.85
2022-02-22T01:08:20,4.3
2022-02-22T01:25:28,4.45
2022-02-22T01:42:37,5.9
2022-02-22T01:59:46,4.5
2022-02-22T02:16:51,6.6
2022-02-22T02:34:02,5.05
2022-02-22T02:51:10,3.9
2022-02-22T03:08:18,6.4
2022-02-22T03:25:28,5.1
2022-02-22T03:42:35,4.15
2022-02-22T03:59:42,5.65
2022-02-22T04:16:52,5.55
2022-02-22T04:33:57,3.8
2022-02-22T04:51:06,6.1
2022-02-22T05:08:14,4.45
2022-02-22T05:25:22,3.85
2022-02-22T05:42:30,6.2
2022-02-22T05:59:39,4.6
2022-02-22T06:16:47,4.0
2022-02-22T06:33:55,6.7
2022-02-22T06:51:02,4.2
2022-02-22T07:08:09,4.8
2022-02-22T07:25:19,5.65
2022-02-22T07:42:27,4.4
2022-02-22T07:59:33,4.25
2022-02-22T08:16:42,5.85
2022-02-22T08:33:50,4.5
2022-02-22T08:50:55,6.85
2022-02-22T09:08:05,4.8
2022-02-22T09:25:12,3.7
2022-02-22T09:42:22,5.9
2022-02-22T09:59:31,4.25
2022-02-22T10:16:37,4.5
2022-02-22T10:33:47,5.55
2022-02-22T10:50:55,3.8
2022-02-22T11:08:05,3.5
2022-02-22T11:25:14,5.85
2022-02-22T11:42:24,4.95
2022-02-22T11:59:31,3.95
2022-02-22T12:16:40,6.2
2022-02-22T12:33:49,4.6
2022-02-22T12:50:56,3.85
2022-02-22T13:08:05,6.55
2022-02-22T13:25:13,4.1
2022-02-22T13:42:20,6.45
2022-02-22T13:59:28,5.55
2022-02-22T14:16:33,4.7
2022-02-22T14:33:40,6.75
2022-02-22T14:50:48,5.55
2022-02-22T15:07:54,4.9
2022-02-22T15:25:01,6.8
2022-02-22T15:42:09,5.5
2022-02-22T15:59:16,4.65
2022-02-22T16:16:22,6.5
2022-02-22T16:33:30,5.7
2022-02-22T16:50:36,4.9
2022-02-22T17:07:43,4.95
2022-02-22T17:24:54,5.6
2022-02-22T17:41:58,5.1
2022-02-22T17:59:08,5.3
2022-02-22T18:16:15,4.15
2022-02-22T18:33:24,6.0
2022-02-22T18:50:31,4.15
2022-02-22T19:07:39,6.4
2022-02-22T19:24:48,5.05
2022-02-22T19:41:53,7.65
2022-02-22T19:58:58,4.0
2022-02-22T20:16:07,6.15
2022-02-22T20:33:16,4.55
2022-02-22T20:50:23,4.6
2022-02-22T21:07:33,5.7
2022-02-22T21:24:40,4.4
2022-02-22T21:41:48,6.55
2022-02-22T21:58:57,6.0
2022-02-22T22:16:08,5.0
2022-02-22T22:33:15,4.2
2022-02-22T22:50:24,5.8
2022-02-22T23:07:31,4.35
2022-02-22T23:24:39,6.25
2022-02-22T23:41:47,4.9
2022-02-22T23:58:53,6.2
2022-02-23T00:15:59,4.4
2022-02-23T00:33:08,5.65
2022-02-23T00:50:16,4.5
2022-02-23T01:07:23,6.65
2022-02-23T01:24:32,5.0
2022-02-23T01:41:39,4.35
2022-02-23T01:58:48,5.95
2022-02-23T02:15:57,4.7
2022-02-23T02:33:08,4.35
2022-02-23T02:50:15,6.55
2022-02-23T03:07:25,5.1
2022-02-23T03:24:33,4.25
2022-02-23T03:41:42,6.1
2022-02-23T03:58:51,4.7
2022-02-23T04:15:58,5.6
2022-02-23T04:33:08,5.45
2022-02-23T04:50:18,5.05
2022-02-23T05:07:25,4.4
2022-02-23T05:24:34,5.8
2022-02-23T05:41:41,4.55
2022-02-23T05:58:49,6.6
2022-02-23T06:15:57,4.9
2022-02-23T06:33:05,4.05
2022-02-23T06:50:15,3.95
2022-02-23T07:07:26,5.6
2022-02-23T07:24:36,4.55
2022-02-23T07:41:42,6.8
2022-02-23T07:58:51,4.9
2022-02-23T08:15:56,5.0
2022-02-23T08:33:05,5.55
2022-02-23T08:50:10,6.0
2022-02-23T09:07:18,4.7
2022-02-23T09:24:24,5.7
2022-02-23T09:41:34,4.6
2022-02-23T09:58:41,4.7
2022-02-23T10:15:52,5.5
2022-02-23T10:32:58,3.9
2022-02-23T10:50:07,6.1
2022-02-23T11:07:11,7.15
2022-02-23T11:24:22,4.5
2022-02-23T11:41:28,5.45
2022-02-23T11:58:37,5.4
2022-02-23T12:15:42,4.35
2022-02-23T12:32:50,6.3
2022-02-23T12:49:57,5.0
2022-02-23T13:07:03,5.45
2022-02-23T13:24:09,5.1
2022-02-23T13:41:17,5.55
2022-02-23T13:58:21,4.5
2022-02-23T14:15:28,6.6
2022-02-23T14:32:33,6.1
2022-02-23T14:49:39,4.2
2022-02-23T15:06:47,6.8
2022-02-23T15:23:54,4.8
2022-02-23T15:41:02,4.3
2022-02-23T15:58:09,6.95
2022-02-23T16:15:16,5.25
2022-02-23T16:32:21,5.45
2022-02-23T16:49:29,6.3
2022-02-23T17:06:37,4.9
2022-02-23T17:23:43,4.4
2022-02-23T17:40:50,6.75
2022-02-23T17:57:58,4.95
2022-02-23T18:15:03,4.9
2022-02-23T18:32:12,6.05
2022-02-23T18:49:18,4.55
2022-02-23T19:06:25,6.6
2022-02-23T19:23:31,4.55
2022-02-23T19:40:37,6.95
2022-02-23T19:57:39,5.55
2022-02-23T20:14:48,5.55
2022-02-23T20:31:54,4.2
2022-02-23T20:49:02,6.25
2022-02-23T21:06:09,4.45
2022-02-23T21:23:15,6.35
2022-02-23T21:40:23,5.2
2022-02-23T21:57:27,7.35
2022-02-23T22:14:31,4.4
2022-02-23T22:31:39,6.35
2022-02-23T22:48:45,4.75
2022-02-23T23:05:51,6.95
2022-02-23T23:22:58,5.0
2022-02-23T23:40:02,6.1
2022-02-23T23:57:10,5.4
2022-02-24T00:14:13,8.15
2022-02-24T00:31:19,4.8
2022-02-24T00:48:24,5.85
2022-02-24T01:05:32,5.4
2022-02-24T01:22:38,4.5
2022-02-24T01:39:45,6.35
2022-02-24T01:56:51,4.85
2022-02-24T02:13:57,6.95
2022-02-24T02:31:00,5.7
2022-02-24T02:48:09,5.4
2022-02-24T03:05:15,4.5
2022-02-24T03:22:23,6.3
2022-02-24T03:39:30,4.65
2022-02-24T03:56:38,6.85
2022-02-24T04:13:46,5.05
2022-02-24T04:30:51,6.9
2022-02-24T04:47:55,4.35
2022-02-24T05:05:02,6.05
2022-02-24T05:22:09,4.75
2022-02-24T05:39:15,6.7
2022-02-24T05:56:23,5.05
2022-02-24T06:13:28,4.75
2022-02-24T06:30:39,5.9
2022-02-24T06:47:41,8.55
2022-02-24T07:04:47,4.5
2022-02-24T07:21:54,6.4
2022-02-24T07:39:02,5.15
2022-02-24T07:56:07,4.85
2022-02-24T08:13:16,5.75
2022-02-24T08:30:21,4.2
2022-02-24T08:47:29,6.0
2022-02-24T09:04:31,6.3
2022-02-24T09:21:39,5.3
2022-02-24T09:38:46,4.35
2022-02-24T09:55:54,6.4
2022-02-24T10:13:01,4.65
2022-02-24T10:30:07,6.2
2022-02-24T10:47:15,5.45
2022-02-24T11:04:20,5.25
2022-02-24T11:21:27,4.45
2022-02-24T11:38:36,6.4
2022-02-24T11:55:45,4.75
2022-02-24T12:12:53,5.95
2022-02-24T12:30:02,5.6
2022-02-24T12:47:07,4.35
2022-02-24T13:04:15,6.1
2022-02-24T13:21:19,6.95
2022-02-24T13:38:26,4.5
2022-02-24T13:55:32,5.6
2022-02-24T14:12:41,5.65
2022-02-24T14:29:47,4.35
2022-02-24T14:46:53,7.0
2022-02-24T15:04:01,4.85
2022-02-24T15:21:06,5.1
2022-02-24T15:38:15,4.65
2022-02-24T15:55:23,5.35
2022-02-24T16:12:29,4.25
2022-02-24T16:29:37,6.2
2022-02-24T16:46:43,4.45
2022-02-24T17:03:50,6.9
2022-02-24T17:20:57,4.85
2022-02-24T17:38:03,5.45
2022-02-24T17:55:07,4.8
2022-02-24T18:12:18,5.05
2022-02-24T18:29:24,3.85
2022-02-24T18:46:33,6.1
2022-02-24T19:03:41,4.0
2022-02-24T19:20:48,6.75
2022-02-24T19:37:57,4.7
2022-02-24T19:55:00,8.1
2022-02-24T20:12:06,3.85
2022-02-24T20:29:13,6.65
2022-02-24T20:46:22,4.45
2022-02-24T21:03:28,5.0
2022-02-24T21:20:38,5.45
2022-02-24T21:37:44,4.05
2022-02-24T21:54:52,6.1
2022-02-24T22:11:53,7.25
2022-02-24T22:29:03,4.4
2022-02-24T22:46:09,5.25
2022-02-24T23:03:19,5.2
2022-02-24T23:20:26,3.95
2022-02-24T23:37:35,6.2
2022-02-24T23:54:41,4.15
2022-02-25T00:11:49,6.7
2022-02-25T00:28:52,4.4
2022-02-25T00:46:01,5.5
2022-02-25T01:03:08,3.95
2022-02-25T01:20:16,6.15
2022-02-25T01:37:24,4.45
2022-02-25T01:54:30,6.75
2022-02-25T02:11:39,4.85
2022-02-25T02:28:44,7.75
2022-02-25T02:45:50,4.15
2022-02-25T03:02:58,6.5
2022-02-25T03:20:06,4.4
2022-02-25T03:37:12,7.1
2022-02-25T03:54:21,4.6
2022-02-25T04:11:26,5.9
2022-02-25T04:28:34,5.1
2022-02-25T04:45:38,6.8
2022-02-25T05:02:46,4.8
2022-02-25T05:19:52,5.0
2022-02-25T05:37:01,5.5
2022-02-25T05:54:07,4.1
2022-02-25T06:11:15,6.05
2022-02-25T06:28:21,4.05
2022-02-25T06:45:28,6.8
2022-02-25T07:02:31,4.6
2022-02-25T07:19:40,5.6
2022-02-25T07:36:47,4.05
2022-02-25T07:53:55,6.2
2022-02-25T08:11:01,4.2
2022-02-25T08:28:08,6.65
2022-02-25T08:45:16,3.8
2022-02-25T09:02:24,6.75
2022-02-25T09:19:30,4.35
2022-02-25T09:36:37,6.6
2022-02-25T09:53:44,4.8
2022-02-25T10:10:51,4.25
2022-02-25T10:27:59,5.85
2022-02-25T10:45:08,3.5
2022-02-25T11:02:16,6.4
2022-02-25T11:19:16,7.75
2022-02-25T11:36:23,4.65
2022-02-25T11:53:28,6.0
2022-02-25T12:10:37,5.55
2022-02-25T12:27:44,4.6
2022-02-25T12:44:49,5.75
2022-02-25T13:01:57,5.45
2022-02-25T13:19:02,4.1
2022-02-25T13:36:09,3.95
2022-02-25T13:53:17,6.15
2022-02-25T14:10:22,4.9
2022-02-25T14:27:27,6.8
2022-02-25T14:44:35,5.55
2022-02-25T15:01:39,4.55
2022-02-25T15:18:45,6.8
2022-02-25T15:35:52,5.95
2022-02-25T15:52:59,4.6
2022-02-25T16:10:04,5.9
2022-02-25T16:27:10,6.45
2022-02-25T16:44:16,4.9
2022-02-25T17:01:20,5.8
2022-02-25T17:18:27,6.9
2022-02-25T17:35:33,5.1
2022-02-25T17:52:36,7.8
2022-02-25T18:09:43,5.35
2022-02-25T18:26:48,4.55
2022-02-25T18:43:54,7.15
2022-02-25T19:01:02,5.7
2022-02-25T19:18:07,4.75
2022-02-25T19:35:13,7.0
2022-02-25T19:52:19,5.8
2022-02-25T20:09:23,4.7
2022-02-25T20:26:30,6.4
2022-02-25T20:43:37,5.5
2022-02-25T21:00:42,4.55
2022-02-25T21:17:48,7.25
2022-02-25T21:34:54,5.55
2022-02-25T21:51:59,4.7
2022-02-25T22:09:04,7.6
2022-02-25T22:26:09,4.65
2022-02-25T22:43:15,5.35
2022-02-25T23:00:22,6.45
2022-02-25T23:17:28,5.1
2022-02-25T23:34:33,4.55
2022-02-25T23:51:40,6.9
2022-02-26T00:08:46,5.5
2022-02-26T00:25:49,8.1
2022-02-26T00:42:55,5.3
2022-02-26T01:00:01,4.8
2022-02-26T01:17:09,6.75
2022-02-26T01:34:17,6.0
2022-02-26T01:51:23,4.95
2022-02-26T02:08:29,6.65
2022-02-26T02:25:36,6.1
2022-02-26T02:42:38,5.0
2022-02-26T02:59:45,6.35
2022-02-26T03:16:51,5.1
2022-02-26T03:33:55,5.25
2022-02-26T03:51:02,6.55
2022-02-26T04:08:08,5.0
2022-02-26T04:25:12,4.65
2022-02-26T04:42:19,6.9
2022-02-26T04:59:23,4.7
2022-02-26T05:16:28,6.8
2022-02-26T05:33:35,5.7
2022-02-26T05:50:41,4.85
2022-02-26T06:07:46,6.7
2022-02-26T06:24:54,6.0
2022-02-26T06:41:59,4.9
2022-02-26T06:59:04,7.65
2022-02-26T07:16:11,5.3
2022-02-26T07:33:17,4.4
2022-02-26T07:50:24,6.85
2022-02-26T08:07:31,5.1
2022-02-26T08:24:36,4.6
2022-02-26T08:41:43,6.75
2022-02-26T08:58:49,4.95
2022-02-26T09:15:56,5.15
2022-02-26T09:33:06,6.1
2022-02-26T09:50:12,4.9
2022-02-26T10:07:18,5.3
2022-02-26T10:24:23,6.15
2022-02-26T10:41:30,6.75
2022-02-26T10:58:37,5.15
2022-02-26T11:15:41,7.9
2022-02-26T11:32:43,4.2
2022-02-26T11:49:52,6.6
2022-02-26T12:06:59,4.85
2022-02-26T12:24:04,5.45
2022-02-26T12:41:12,6.45
2022-02-26T12:58:17,4.6
2022-02-26T13:15:22,7.3
2022-02-26T13:32:29,6.15
2022-02-26T13:49:39,4.95
2022-02-26T14:06:44,4.95
2022-02-26T14:23:53,6.15
2022-02-26T14:41:00,4.15
2022-02-26T14:58:05,7.4
2022-02-26T15:15:13,5.2
2022-02-26T15:32:19,4.1
2022-02-26T15:49:26,5.05
2022-02-26T16:06:36,5.7
2022-02-26T16:23:41,4.25
2022-02-26T16:40:47,6.4
2022-02-26T16:57:54,4.7
2022-02-26T17:14:59,7.0
2022-02-26T17:32:08,5.25
2022-02-26T17:49:15,4.4
2022-02-26T18:06:23,4.05
2022-02-26T18:23:30,6.5
2022-02-26T18:40:38,5.0
2022-02-26T18:57:43,4.4
2022-02-26T19:14:50,6.0
2022-02-26T19:31:56,4.5
2022-02-26T19:49:02,7.05
2022-02-26T20:06:09,5.55
2022-02-26T20:23:18,4.75
2022-02-26T20:40:24,5.45
2022-02-26T20:57:32,5.7
2022-02-26T21:14:37,4.5
2022-02-26T21:31:44,6.05
2022-02-26T21:48:49,4.7
2022-02-26T22:05:57,6.5
2022-02-26T22:22:59,6.4
2022-02-26T22:40:08,5.3
2022-02-26T22:57:13,4.5
2022-02-26T23:14:20,5.85
2022-02-26T23:31:24,4.45
2022-02-26T23:48:31,6.55
2022-02-27T00:05:37,4.7
2022-02-27T00:22:43,7.4
2022-02-27T00:39:45,4.3
2022-02-27T00:56:53,6.25
2022-02-27T01:14:00,4.7
2022-02-27T01:31:05,6.8
2022-02-27T01:48:13,5.25
2022-02-27T02:05:18,4.4
2022-02-27T02:22:26,6.3
2022-02-27T02:39:32,6.4
2022-02-27T02:56:41,4.5
2022-02-27T03:13:48,6.15
2022-02-27T03:30:57,5.65
2022-02-27T03:48:02,4.4
2022-02-27T04:05:10,6.5
2022-02-27T04:22:16,4.75
2022-02-27T04:39:21,6.0
2022-02-27T04:56:28,5.15
2022-02-27T05:13:37,5.4
2022-02-27T05:30:43,4.25
2022-02-27T05:47:49,6.5
2022-02-27T06:04:56,5.0
2022-02-27T06:22:02,5.5
2022-02-27T06:39:10,5.9
2022-02-27T06:56:16,4.35
2022-02-27T07:13:24,4.2
2022-02-27T07:30:31,6.55
2022-02-27T07:47:38,4.65
2022-02-27T08:04:42,6.15
2022-02-27T08:21:50,5.7
2022-02-27T08:38:55,4.5
2022-02-27T08:56:02,6.25
2022-02-27T09:13:07,6.0
2022-02-27T09:30:14,4.5
2022-02-27T09:47:18,6.6
2022-02-27T10:04:26,4.8
2022-02-27T10:21:30,4.85
2022-02-27T10:38:38,5.7
2022-02-27T10:55:43,4.4
2022-02-27T11:12:50,6.25
2022-02-27T11:29:54,6.5
2022-02-27T11:47:02,5.4
2022-02-27T12:04:07,4.05
2022-02-27T12:21:14,6.35
2022-02-27T12:38:19,4.3
2022-02-27T12:55:24,6.9
2022-02-27T13:12:30,4.8
2022-02-27T13:29:34,7.8
2022-02-27T13:46:33,4.55
2022-02-27T14:03:38,7.4
2022-02-27T14:20:45,4.95
2022-02-27T14:37:48,6.7
2022-02-27T14:54:55,5.6
2022-02-27T15:11:59,4.7
2022-02-27T15:29:06,6.4
2022-02-27T15:46:10,6.2
2022-02-27T16:03:16,4.35
2022-02-27T16:20:22,7.05
2022-02-27T16:37:29,5.6
2022-02-27T16:54:32,4.5
2022-02-27T17:11:40,6.2
2022-02-27T17:28:45,4.75
2022-02-27T17:45:50,5.5
2022-02-27T18:02:58,5.95
2022-02-27T18:20:06,5.25
2022-02-27T18:37:10,5.0
2022-02-27T18:54:18,5.9
2022-02-27T19:11:23,4.25
2022-02-27T19:28:29,6.6
2022-02-27T19:45:34,4.55
2022-02-27T20:02:39,7.25
2022-02-27T20:19:40,4.7
2022-02-27T20:36:50,5.9
2022-02-27T20:53:55,4.45
2022-02-27T21:11:01,6.9
2022-02-27T21:28:08,4.9
2022-02-27T21:45:13,7.1
2022-02-27T22:02:21,5.5
2022-02-27T22:19:23,7.9
2022-02-27T22:36:27,4.25
2022-02-27T22:53:33,6.75
2022-02-27T23:10:40,5.35
2022-02-27T23:27:44,5.2
2022-02-27T23:44:51,5.9
2022-02-28T00:01:56,4.4
2022-02-28T00:19:03,6.55
2022-02-28T00:36:03,8.25
2022-02-28T00:53:10,5.1
2022-02-28T01:10:14,5.35
2022-02-28T01:27:22,5.8
2022-02-28T01:44:26,4.5
2022-02-28T02:01:32,6.6
2022-02-28T02:18:38,4.7
2022-02-28T02:35:43,7.05
2022-02-28T02:52:44,5.45
2022-02-28T03:09:54,5.85
2022-02-28T03:26:58,4.25
2022-02-28T03:44:05,6.6
2022-02-28T04:01:11,4.8
2022-02-28T04:18:16,7.2
2022-02-28T04:35:22,5.3
2022-02-28T04:52:25,7.8
2022-02-28T05:09:29,4.2
2022-02-28T05:26:35,6.75
2022-02-28T05:43:42,4.85
2022-02-28T06:00:47,6.8
2022-02-28T06:17:55,5.6
2022-02-28T06:34:58,5.4
2022-02-28T06:52:06,5.8
2022-02-28T07:09:07,8.5
2022-02-28T07:26:14,4.6
2022-02-28T07:43:19,6.55
2022-02-28T08:00:28,5.65
2022-02-28T08:17:32,5.3
2022-02-28T08:34:41,5.6
2022-02-28T08:51:45,4.4
2022-02-28T09:08:52,6.55
2022-02-28T09:25:53,6.0
2022-02-28T09:43:00,6.15
2022-02-28T10:00:06,4.8
2022-02-28T10:17:10,6.8
2022-02-28T10:34:17,6.0
2022-02-28T10:51:21,4.45
2022-02-28T11:08:26,7.15
2022-02-28T11:25:30,5.55
2022-02-28T11:42:36,4.65
2022-02-28T11:59:40,6.95
2022-02-28T12:16:46,6.4
2022-02-28T12:33:51,4.1
2022-02-28T12:50:57,7.0
2022-02-28T13:08:04,4.95
2022-02-28T13:25:08,6.5
2022-02-28T13:42:16,6.1
2022-02-28T13:59:24,4.75
2022-02-28T14:16:28,5.2
2022-02-28T14:33:36,5.8
2022-02-28T14:50:42,3.75
2022-02-28T15:07:50,6.45
2022-02-28T15:24:56,4.45
2022-02-28T15:42:02,7.2
2022-02-28T15:59:05,5.85
2022-02-28T16:16:14,5.9
2022-02-28T16:33:19,4.45
2022-02-28T16:50:25,7.2
2022-02-28T17:07:32,5.25
2022-02-28T17:24:37,5.05
2022-02-28T17:41:44,6.15
2022-02-28T17:58:49,3.95
2022-02-28T18:15:58,4.25
2022-02-28T18:33:04,6.85
2022-02-28T18:50:11,4.9
2022-02-28T19:07:17,5.35
2022-02-28T19:24:25,6.15
2022-02-28T19:41:31,4.45
2022-02-28T19:58:37,7.05
2022-02-28T20:15:45,5.45
2022-02-28T20:32:54,4.7
2022-02-28T20:50:00,4.85
2022-02-28T21:07:08,6.3
2022-02-28T21:24:14,4.6
2022-02-28T21:41:20,7.15
2022-02-28T21:58:28,5.35
2022-02-28T22:15:32,4.55
2022-02-28T22:32:40,5.05
2022-02-28T22:49:48,5.6
2022-02-28T23:06:54,4.7
2022-02-28T23:24:00,6.8
2022-02-28T23:41:07,5.3
2022-02-28T23:58:11,4.7
2022-03-01T00:15:19,6.4
2022-03-01T00:32:25,4.4
2022-03-01T00:49:32,4.2
2022-03-01T01:06:39,6.65
2022-03-01T01:23:46,5.15
2022-03-01T01:40:51,5.4
2022-03-01T01:57:59,6.1
2022-03-01T02:15:05,4.75
2022-03-01T02:32:11,7.05
2022-03-01T02:49:18,5.45
2022-03-01T03:06:25,4.7
2022-03-01T03:23:29,6.35
2022-03-01T03:40:36,5.75
2022-03-01T03:57:41,4.7
2022-03-01T04:14:47,6.9
2022-03-01T04:31:53,5.0
2022-03-01T04:48:57,4.8
2022-03-01T05:06:04,5.2
2022-03-01T05:23:14,5.4
2022-03-01T05:40:19,4.55
2022-03-01T05:57:26,6.65
2022-03-01T06:14:32,4.95
2022-03-01T06:31:37,5.25
2022-03-01T06:48:44,6.15
2022-03-01T07:05:50,4.25
2022-03-01T07:22:59,4.15
2022-03-01T07:40:06,6.5
2022-03-01T07:57:14,4.9
2022-03-01T08:14:19,5.1
2022-03-01T08:31:27,6.15
2022-03-01T08:48:33,5.35
2022-03-01T09:05:38,4.7
2022-03-01T09:22:43,8.15
2022-03-01T09:39:47,4.25
2022-03-01T09:56:55,7.0
2022-03-01T10:14:04,5.3
2022-03-01T10:31:09,4.45
2022-03-01T10:48:16,6.55
2022-03-01T11:05:22,5.15
2022-03-01T11:22:27,5.95
2022-03-01T11:39:36,5.65
2022-03-01T11:56:44,5.8
2022-03-01T12:13:50,4.65
2022-03-01T12:30:56,7.05
2022-03-01T12:48:03,5.65
2022-03-01T13:05:08,4.7
2022-03-01T13:22:14,7.1
2022-03-01T13:39:21,5.35
2022-03-01T13:56:25,4.55
2022-03-01T14:13:33,6.5
2022-03-01T14:30:39,5.0
2022-03-01T14:47:44,6.05
2022-03-01T15:04:51,6.2
2022-03-01T15:21:57,4.9
2022-03-01T15:39:02,4.55
2022-03-01T15:56:09,6.65
2022-03-01T16:13:15,4.75
2022-03-01T16:30:20,6.35
2022-03-01T16:47:27,5.85
2022-03-01T17:04:32,4.85
2022-03-01T17:21:37,4.5
2022-03-01T17:38:46,6.5
2022-03-01T17:55:52,4.6
2022-03-01T18:12:56,7.15
2022-03-01T18:30:04,5.25
2022-03-01T18:47:09,4.35
2022-03-01T19:04:16,6.55
2022-03-01T19:21:22,4.7
2022-03-01T19:38:27,6.15
2022-03-01T19:55:33,5.85
2022-03-01T20:12:39,4.65
2022-03-01T20:29:46,4.3
2022-03-01T20:46:52,6.25
2022-03-01T21:03:57,4.65
2022-03-01T21:21:02,7.05
2022-03-01T21:38:09,5.5
2022-03-01T21:55:12,4.55
2022-03-01T22:12:18,6.6
2022-03-01T22:29:23,4.75
2022-03-01T22:46:33,4.6
2022-03-01T23:03:38,6.15
2022-03-01T23:20:45,5.85
2022-03-01T23:37:49,4.55
2022-03-01T23:54:54,6.8
2022-03-02T00:12:00,5.05
2022-03-02T00:29:04,5.55
2022-03-02T00:46:11,6.2
2022-03-02T01:03:18,5.45
2022-03-02T01:20:24,4.5
2022-03-02T01:37:29,6.75
2022-03-02T01:54:35,5.4
2022-03-02T02:11:39,5.5
2022-03-02T02:28:46,6.25
2022-03-02T02:45:52,4.9
2022-03-02T03:02:57,4.55
2022-03-02T03:20:04,6.3
2022-03-02T03:37:08,4.9
2022-03-02T03:54:12,7.05
2022-03-02T04:11:19,5.75
2022-03-02T04:28:22,4.45
2022-03-02T04:45:28,6.6
2022-03-02T05:02:34,4.9
2022-03-02T05:19:41,4.35
2022-03-02T05:36:46,6.95
2022-03-02T05:53:52,5.5
2022-03-02T06:10:55,4.75
2022-03-02T06:28:02,6.4
2022-03-02T06:45:07,4.95
2022-03-02T07:02:11,7.2
2022-03-02T07:19:18,5.9
2022-03-02T07:36:25,5.25
2022-03-02T07:53:29,4.6
2022-03-02T08:10:35,6.6
2022-03-02T08:27:40,5.0
2022-03-02T08:44:44,4.7
2022-03-02T09:01:50,6.8
2022-03-02T09:18:56,4.85
2022-03-02T09:36:00,5.75
2022-03-02T09:53:08,5.85
2022-03-02T10:10:12,5.05
2022-03-02T10:27:17,7.35
2022-03-02T10:44:22,5.95
2022-03-02T11:01:27,4.8
2022-03-02T11:18:31,7.35
2022-03-02T11:35:36,5.6
2022-03-02T11:52:41,4.75
2022-03-02T12:09:47,5.2
2022-03-02T12:26:57,4.2
2022-03-02T12:44:02,6.1
2022-03-02T13:01:10,5.5
2022-03-02T13:18:15,4.2
2022-03-02T13:35:21,6.5
2022-03-02T13:52:26,6.25
2022-03-02T14:09:34,4.8
2022-03-02T14:26:39,6.35
2022-03-02T14:43:49,5.45
2022-03-02T15:00:54,5.1
2022-03-02T15:17:58,6.4
2022-03-02T15:35:05,5.9
2022-03-02T15:52:11,5.05
2022-03-02T16:09:16,5.85
2022-03-02T16:26:25,6.1
2022-03-02T16:43:31,5.3
2022-03-02T17:00:35,4.9
2022-03-02T17:17:43,6.3
2022-03-02T17:34:48,4.9
2022-03-02T17:51:53,5.75
2022-03-02T18:09:00,6.05
2022-03-02T18:26:03,4.7
2022-03-02T18:43:09,6.55
2022-03-02T19:00:17,5.25
2022-03-02T19:17:21,4.55
2022-03-02T19:34:28,6.75
2022-03-02T19:51:33,5.35
2022-03-02T20:08:37,4.9
2022-03-02T20:25:42,7.95
2022-03-02T20:42:46,4.25
2022-03-02T20:59:52,6.6
2022-03-02T21:16:59,5.3
2022-03-02T21:34:02,4.95
2022-03-02T21:51:09,5.95
2022-03-02T22:08:12,4.3
2022-03-02T22:25:18,6.55
2022-03-02T22:42:17,7.6
2022-03-02T22:59:23,5.05
2022-03-02T23:16:28,4.4
2022-03-02T23:33:35,6.0
2022-03-02T23:50:41,4.8
2022-03-03T00:07:46,6.45
2022-03-03T00:24:53,5.6
2022-03-03T00:41:56,4.75
2022-03-03T00:59:03,4.2
2022-03-03T01:16:09,6.2
2022-03-03T01:33:15,4.9
2022-03-03T01:50:19,6.2
2022-03-03T02:07:25,5.45
2022-03-03T02:24:28,4.5
2022-03-03T02:41:34,6.3
2022-03-03T02:58:40,5.05
2022-03-03T03:15:47,4.55
2022-03-03T03:32:52,6.65
2022-03-03T03:49:58,5.35
2022-03-03T04:07:02,4.45
2022-03-03T04:24:08,6.45
2022-03-03T04:41:14,4.75
2022-03-03T04:58:18,6.95
2022-03-03T05:15:24,5.55
2022-03-03T05:32:32,5.2
2022-03-03T05:49:37,4.55
2022-03-03T06:06:43,6.3
2022-03-03T06:23:48,4.85
2022-03-03T06:40:53,6.8
2022-03-03T06:58:00,5.3
2022-03-03T07:15:04,4.2
2022-03-03T07:32:11,4.15
2022-03-03T07:49:18,5.95
2022-03-03T08:06:23,4.55
2022-03-03T08:23:27,6.3
2022-03-03T08:40:34,5.45
2022-03-03T08:57:38,4.6
2022-03-03T09:14:44,7.05
2022-03-03T09:31:51,4.65
2022-03-03T09:48:58,4.05
2022-03-03T10:06:04,6.65
2022-03-03T10:23:11,4.6
2022-03-03T10:40:16,6.45
2022-03-03T10:57:25,4.65
2022-03-03T11:14:30,4.8
2022-03-03T11:31:38,5.45
2022-03-03T11:48:39,8.5
2022-03-03T12:05:45,4.2
2022-03-03T12:22:51,5.8
2022-03-03T12:39:59,5.35
2022-03-03T12:57:02,4.55
2022-03-03T13:14:10,5.95
2022-03-03T13:31:16,3.8
2022-03-03T13:48:22,6.75
2022-03-03T14:05:22,5.7
2022-03-03T14:22:28,6.1
2022-03-03T14:39:36,4.3
2022-03-03T14:56:42,4.45
2022-03-03T15:13:50,5.55
2022-03-03T15:30:56,4.05
2022-03-03T15:48:01,6.85
2022-03-03T16:05:09,5.25
2022-03-03T16:22:16,4.05
2022-03-03T16:39:21,6.8
2022-03-03T16:56:29,4.75
2022-03-03T17:13:33,4.9
2022-03-03T17:30:43,5.4
2022-03-03T17:47:49,3.6
2022-03-03T18:04:55,7.0
2022-03-03T18:22:01,6.75
2022-03-03T18:39:09,4.25
2022-03-03T18:56:14,5.95
2022-03-03T19:13:20,6.2
2022-03-03T19:30:26,4.0
2022-03-03T19:47:33,6.1
2022-03-03T20:04:40,4.15
2022-03-03T20:21:46,6.55
2022-03-03T20:38:48,4.55
2022-03-03T20:55:57,5.4
2022-03-03T21:13:03,3.9
2022-03-03T21:30:10,6.05
2022-03-03T21:47:16,4.0
2022-03-03T22:04:22,6.25
2022-03-03T22:21:30,4.35
2022-03-03T22:38:37,6.35
2022-03-03T22:55:43,3.8
2022-03-03T23:12:51,6.1
2022-03-03T23:29:58,4.25
2022-03-03T23:47:04,6.25
2022-03-04T00:04:11,4.3
2022-03-04T00:21:17,6.5
2022-03-04T00:38:25,4.3
2022-03-04T00:55:31,6.25
2022-03-04T01:12:39,4.35
2022-03-04T01:29:45,6.65
2022-03-04T01:46:53,4.8
2022-03-04T02:03:59,6.5
2022-03-04T02:21:07,4.6
2022-03-04T02:38:12,6.6
2022-03-04T02:55:21,4.85
2022-03-04T03:12:27,3.85
2022-03-04T03:29:36,5.05
2022-03-04T03:46:42,3.9
2022-03-04T04:03:50,5.3
2022-03-04T04:20:55,4.1
2022-03-04T04:38:03,5.5
2022-03-04T04:55:09,4.05
2022-03-04T05:12:16,5.55
2022-03-04T05:29:23,3.75
2022-03-04T05:46:30,5.8
2022-03-04T06:03:38,4.05
2022-03-04T06:20:44,6.25
2022-03-04T06:37:52,4.45
2022-03-04T06:54:57,6.4
2022-03-04T07:12:06,4.7
2022-03-04T07:29:11,6.55
2022-03-04T07:46:20,4.4
2022-03-04T08:03:25,6.15
2022-03-04T08:20:34,4.8
2022-03-04T08:37:39,5.45
2022-03-04T08:54:47,4.95
2022-03-04T09:11:52,4.2
2022-03-04T09:28:59,5.85
2022-03-04T09:46:02,5.5
2022-03-04T10:03:09,5.7
2022-03-04T10:20:14,4.35
2022-03-04T10:37:21,6.35
2022-03-04T10:54:27,4.6
2022-03-04T11:11:32,5.55
2022-03-04T11:28:40,5.4
2022-03-04T11:45:45,3.8
2022-03-04T12:02:55,4.05
2022-03-04T12:20:02,6.4
2022-03-04T12:37:09,4.8
2022-03-04T12:54:14,4.85
2022-03-04T13:11:21,5.7
2022-03-04T13:28:26,4.3
2022-03-04T13:45:33,6.25
2022-03-04T14:02:37,5.65
2022-03-04T14:19:45,4.25
2022-03-04T14:36:50,5.6
2022-03-04T14:53:58,4.95
2022-03-04T15:11:02,4.15
2022-03-04T15:28:10,5.65
2022-03-04T15:45:17,4.2
2022-03-04T16:02:23,6.3
2022-03-04T16:19:30,5.05
2022-03-04T16:36:39,4.9
2022-03-04T16:53:44,4.15
2022-03-04T17:10:52,6.3
2022-03-04T17:27:59,5.05
2022-03-04T17:45:03,4.15
2022-03-04T18:02:10,6.95
2022-03-04T18:19:16,4.65
2022-03-04T18:36:23,4.1
2022-03-04T18:53:29,6.6
2022-03-04T19:10:35,4.95
2022-03-04T19:27:40,5.15
2022-03-04T19:44:47,6.1
2022-03-04T20:01:53,4.3
2022-03-04T20:18:58,7.15
2022-03-04T20:36:05,5.25
2022-03-04T20:53:14,4.45
2022-03-04T21:10:19,5.5
2022-03-04T21:27:27,5.9
2022-03-04T21:44:31,4.2
2022-03-04T22:01:37,6.6
2022-03-04T22:18:43,4.65
2022-03-04T22:35:48,6.3
2022-03-04T22:52:56,4.55
2022-03-04T23:10:04,5.6
2022-03-04T23:27:10,4.25
2022-03-04T23:44:16,6.8
2022-03-05T00:01:23,5.25
2022-03-05T00:18:28,4.25
2022-03-05T00:35:35,6.1
2022-03-05T00:52:40,3.95
2022-03-05T01:09:47,3.9
2022-03-05T01:26:54,6.4
2022-03-05T01:44:01,4.9
2022-03-05T02:01:05,6.2
2022-03-05T02:18:13,5.65
2022-03-05T02:35:17,4.25
2022-03-05T02:52:24,6.3
2022-03-05T03:09:30,4.7
2022-03-05T03:26:37,4.3
2022-03-05T03:43:42,5.75
2022-03-05T04:00:49,5.65
2022-03-05T04:17:53,4.25
2022-03-05T04:34:59,6.5
2022-03-05T04:52:04,4.55
2022-03-05T05:09:09,7.05
2022-03-05T05:26:15,5.05
2022-03-05T05:43:23,5.35
2022-03-05T06:00:29,3.95
2022-03-05T06:17:37,6.4
2022-03-05T06:34:43,4.7
2022-03-05T06:51:47,5.6
2022-03-05T07:08:55,5.8
2022-03-05T07:25:59,3.9
2022-03-05T07:43:07,3.65
2022-03-05T08:00:14,6.35
2022-03-05T08:17:20,4.45
2022-03-05T08:34:25,6.8
2022-03-05T08:51:32,5.35
2022-03-05T09:08:37,3.95
2022-03-05T09:25:44,6.55
2022-03-05T09:42:52,4.5
2022-03-05T10:00:00,4.2
2022-03-05T10:17:04,6.05
2022-03-05T10:34:09,7.3
2022-03-05T10:51:16,4.85
2022-03-05T11:08:20,4.25
2022-03-05T11:25:25,7.2
2022-03-05T11:42:31,5.25
2022-03-05T11:59:32,8.7
2022-03-05T12:16:37,5.15
2022-03-05T12:33:42,4.3
2022-03-05T12:50:48,6.4
2022-03-05T13:07:54,4.5
2022-03-05T13:24:59,5.9
2022-03-05T13:42:07,5.85
2022-03-05T13:59:13,4.55
2022-03-05T14:16:16,5.05
2022-03-05T14:33:24,5.65
2022-03-05T14:50:29,4.4
2022-03-05T15:07:35,6.9
2022-03-05T15:24:42,4.9
2022-03-05T15:41:46,4.9
2022-03-05T15:58:55,5.2
2022-03-05T16:15:58,7.4
2022-03-05T16:32:55,6.25
2022-03-05T16:50:06,2.65
2022-03-05T17:07:19,4.2
2022-03-05T17:24:23,4.45
2022-03-05T17:41:35,3.45
2022-03-05T17:58:40,6.15
2022-03-05T18:15:49,2.35
2022-03-05T18:32:56,8.35
2022-03-05T18:50:01,2.9
2022-03-05T19:07:10,6.0
2022-03-05T19:24:15,3.35
2022-03-05T19:41:24,5.8
2022-03-05T19:58:29,3.7
2022-03-05T20:15:38,5.6
2022-03-05T20:32:42,3.65
2022-03-05T20:49:50,5.0
2022-03-05T21:07:01,5.3
2022-03-05T21:24:06,3.45
2022-03-05T21:41:14,5.8
2022-03-05T21:58:20,3.75
2022-03-05T22:15:27,6.35
2022-03-05T22:32:34,4.1
2022-03-05T22:49:39,7.5
2022-03-05T23:06:40,3.9
2022-03-05T23:23:49,5.75
2022-03-05T23:40:55,3.75
2022-03-05T23:58:01,6.6
2022-03-06T00:15:09,4.65
2022-03-06T00:32:14,5.15
2022-03-06T00:49:22,5.5
2022-03-06T01:06:24,8.8
2022-03-06T01:23:28,4.1
2022-03-06T01:40:35,6.25
2022-03-06T01:57:43,4.95
2022-03-06T02:14:48,4.85
2022-03-06T02:31:57,5.4
2022-03-06T02:49:02,3.9
2022-03-06T03:06:09,6.2
2022-03-06T03:23:09,6.9
2022-03-06T03:40:17,4.95
2022-03-06T03:57:21,4.45
2022-03-06T04:14:29,5.7
2022-03-06T04:31:34,4.15
2022-03-06T04:48:41,6.4
2022-03-06T05:05:48,4.3
2022-03-06T05:22:52,7.3
2022-03-06T05:39:53,4.05
2022-03-06T05:57:01,5.85
2022-03-06T06:14:08,4.2
2022-03-06T06:31:14,6.75
2022-03-06T06:48:20,4.5
2022-03-06T07:05:25,5.65
2022-03-06T07:22:33,5.35
2022-03-06T07:39:35,8.45
2022-03-06T07:56:39,4.05
2022-03-06T08:13:45,6.75
2022-03-06T08:30:52,4.55
2022-03-06T08:47:58,4.2
2022-03-06T09:05:05,5.75
2022-03-06T09:22:11,4.0
2022-03-06T09:39:18,6.4
2022-03-06T09:56:19,7.15
2022-03-06T10:13:27,4.8
2022-03-06T10:30:32,4.15
2022-03-06T10:47:41,5.65
2022-03-06T11:04:46,4.75
2022-03-06T11:21:51,6.15
2022-03-06T11:38:59,5.6
2022-03-06T11:56:02,4.75
2022-03-06T12:13:08,4.35
2022-03-06T12:30:15,6.6
2022-03-06T12:47:22,5.15
2022-03-06T13:04:25,4.95
2022-03-06T13:21:32,6.15
2022-03-06T13:38:37,4.4
2022-03-06T13:55:41,7.0
2022-03-06T14:12:48,5.6
2022-03-06T14:29:54,4.5
2022-03-06T14:47:00,5.6
2022-03-06T15:04:07,5.9
2022-03-06T15:21:12,4.35
2022-03-06T15:38:18,6.7
2022-03-06T15:55:23,5.1
2022-03-06T16:12:26,6.35
2022-03-06T16:29:32,5.3
2022-03-06T16:46:40,5.3
2022-03-06T17:03:45,4.8
2022-03-06T17:20:49,6.65
2022-03-06T17:37:56,5.5
2022-03-06T17:55:00,4.7
2022-03-06T18:12:04,6.95
2022-03-06T18:29:11,5.35
2022-03-06T18:46:13,4.45
2022-03-06T19:03:20,6.0
2022-03-06T19:20:25,4.3
2022-03-06T19:37:30,6.35
2022-03-06T19:54:37,5.45
2022-03-06T20:11:41,4.4
2022-03-06T20:28:47,6.25
2022-03-06T20:45:53,4.7
2022-03-06T21:03:01,4.3
2022-03-06T21:20:07,5.75
2022-03-06T21:37:14,5.5
2022-03-06T21:54:19,4.65
2022-03-06T22:11:25,6.25
2022-03-06T22:28:31,4.5
2022-03-06T22:45:36,6.55
2022-03-06T23:02:43,5.55
2022-03-06T23:19:51,4.85
2022-03-06T23:36:55,4.7
2022-03-06T23:54:02,5.85
2022-03-07T00:11:07,4.4
2022-03-07T00:28:12,6.4
2022-03-07T00:45:17,4.75
2022-03-07T01:02:21,6.9
2022-03-07T01:19:21,4.65
2022-03-07T01:36:29,5.8
2022-03-07T01:53:36,4.5
2022-03-07T02:10:40,6.8
2022-03-07T02:27:47,5.1
2022-03-07T02:44:50,5.3
2022-03-07T03:01:57,5.55
2022-03-07T03:19:01,5.25
2022-03-07T03:36:07,4.45
2022-03-07T03:53:12,6.5
2022-03-07T04:10:19,5.05
2022-03-07T04:27:22,4.65
2022-03-07T04:44:29,5.7
2022-03-07T05:01:34,4.5
2022-03-07T05:18:38,6.8
2022-03-07T05:35:44,5.55
2022-03-07T05:52:52,4.9
2022-03-07T06:09:56,4.5
2022-03-07T06:27:04,5.8
2022-03-07T06:44:09,4.6
2022-03-07T07:01:14,6.7
2022-03-07T07:18:20,4.8
2022-03-07T07:35:24,6.05
2022-03-07T07:52:28,4.25
2022-03-07T08:09:36,5.55
2022-03-07T08:26:40,4.15
2022-03-07T08:43:46,6.7
2022-03-07T09:00:52,4.75
2022-03-07T09:17:56,4.5
2022-03-07T09:35:01,6.2
2022-03-07T09:52:06,4.8
2022-03-07T10:09:11,4.25
2022-03-07T10:26:16,6.7
2022-03-07T10:43:22,5.3
2022-03-07T11:00:26,4.3
2022-03-07T11:17:31,6.7
2022-03-07T11:34:38,5.4
2022-03-07T11:51:40,4.6
2022-03-07T12:08:46,7.05
2022-03-07T12:25:52,4.65
2022-03-07T12:42:56,5.9
2022-03-07T13:00:02,6.1
2022-03-07T13:17:08,3.95
2022-03-07T13:34:14,4.85
2022-03-07T13:51:22,5.35
2022-03-07T14:08:26,4.0
2022-03-07T14:25:32,5.15
2022-03-07T14:42:39,5.3
2022-03-07T14:59:45,4.2
2022-03-07T15:16:51,6.45
2022-03-07T15:33:56,4.45
2022-03-07T15:51:01,6.9
2022-03-07T16:08:07,4.7
2022-03-07T16:25:11,6.95
2022-03-07T16:42:13,4.25
2022-03-07T16:59:19,5.95
2022-03-07T17:16:24,4.2
2022-03-07T17:33:29,6.65
2022-03-07T17:50:36,4.7
2022-03-07T18:07:40,5.05
2022-03-07T18:24:47,5.5
2022-03-07T18:41:48,8.05
2022-03-07T18:58:52,4.25
2022-03-07T19:15:58,6.55
2022-03-07T19:33:05,4.7
2022-03-07T19:50:09,5.0
2022-03-07T20:07:18,5.45
2022-03-07T20:24:23,4.25
2022-03-07T20:41:30,6.05
2022-03-07T20:58:30,7.1
2022-03-07T21:15:37,4.75
2022-03-07T21:32:42,4.3
2022-03-07T21:49:50,5.8
2022-03-07T22:06:55,4.25
2022-03-07T22:24:01,6.35
2022-03-07T22:41:07,4.5
2022-03-07T22:58:12,7.15
2022-03-07T23:15:13,4.3
2022-03-07T23:32:21,5.65
2022-03-07T23:49:27,4.1
2022-03-08T00:06:33,6.35
2022-03-08T00:23:39,4.6
2022-03-08T00:40:43,5.3
2022-03-08T00:57:50,5.35
2022-03-08T01:14:51,8.25
2022-03-08T01:31:54,4.25
2022-03-08T01:49:00,6.45
2022-03-08T02:06:07,4.8
2022-03-08T02:23:12,5.65
2022-03-08T02:40:19,5.2
2022-03-08T02:57:23,4.4
2022-03-08T03:14:30,5.55
2022-03-08T03:31:31,7.65
2022-03-08T03:48:37,4.8
2022-03-08T04:05:43,5.05
2022-03-08T04:22:50,5.55
2022-03-08T04:39:54,4.25
2022-03-08T04:57:01,6.0
2022-03-08T05:14:05,4.25
2022-03-08T05:31:11,6.75
2022-03-08T05:48:11,4.8
2022-03-08T06:05:19,5.4
2022-03-08T06:22:24,4.15
2022-03-08T06:39:30,6.45
2022-03-08T06:56:36,4.6
2022-03-08T07:13:41,6.55
2022-03-08T07:30:47,5.05
2022-03-08T07:47:49,8.0
2022-03-08T08:04:51,4.1
2022-03-08T08:21:57,6.25
2022-03-08T08:39:03,5.05
2022-03-08T08:56:08,4.45
2022-03-08T09:13:14,6.65
2022-03-08T09:30:19,4.05
2022-03-08T09:47:25,6.0
2022-03-08T10:04:32,5.35
2022-03-08T10:21:41,4.5
2022-03-08T10:38:46,4.3
2022-03-08T10:55:53,5.6
2022-03-08T11:13:00,4.8
2022-03-08T11:30:05,5.0
2022-03-08T11:47:13,5.35
2022-03-08T12:04:17,3.9
2022-03-08T12:21:24,4.65
2022-03-08T12:38:33,5.1
2022-03-08T12:55:38,3.5
2022-03-08T13:12:47,5.5
2022-03-08T13:29:52,3.4
2022-03-08T13:47:00,5.8
2022-03-08T14:04:08,3.35
2022-03-08T14:21:16,7.0
2022-03-08T14:38:18,3.6
2022-03-08T14:55:26,5.6
2022-03-08T15:12:35,3.9
2022-03-08T15:29:40,6.35
2022-03-08T15:46:48,4.75
2022-03-08T16:03:52,4.95
2022-03-08T16:21:00,5.4
2022-03-08T16:38:00,9.0
2022-03-08T16:55:04,4.0
2022-03-08T17:12:09,6.3
2022-03-08T17:29:17,4.55
2022-03-08T17:46:23,5.15
2022-03-08T18:03:31,5.1
2022-03-08T18:20:38,3.9
2022-03-08T18:37:44,5.6
2022-03-08T18:54:45,6.8
2022-03-08T19:11:52,2.85
2022-03-08T19:29:00,6.2
2022-03-08T19:46:05,3.6
2022-03-08T20:03:15,5.1
2022-03-08T20:20:19,4.55
2022-03-08T20:37:28,4.9
2022-03-08T20:54:33,5.35
2022-03-08T21:11:37,3.9
2022-03-08T21:28:46,5.45
2022-03-08T21:45:51,3.5
2022-03-08T22:02:59,5.95
2022-03-08T22:20:07,3.85
2022-03-08T22:37:12,6.05
2022-03-08T22:54:21,4.5
2022-03-08T23:11:24,8.45
2022-03-08T23:28:28,3.7
2022-03-08T23:45:35,6.45
2022-03-09T00:02:42,4.15
2022-03-09T00:19:47,5.15
2022-03-09T00:36:56,5.0
2022-03-09T00:54:02,3.8
2022-03-09T01:11:10,5.95
2022-03-09T01:28:09,7.0
2022-03-09T01:45:17,4.65
2022-03-09T02:02:22,4.55
2022-03-09T02:19:31,5.4
2022-03-09T02:36:36,4.0
2022-03-09T02:53:42,6.4
2022-03-09T03:10:49,4.5
2022-03-09T03:27:53,7.0
2022-03-09T03:44:55,4.0
2022-03-09T04:02:03,5.65
2022-03-09T04:19:10,4.2
2022-03-09T04:36:16,6.1
2022-03-09T04:53:24,4.9
